Subj,Antisaccade,AntisaccadeT,Stroop.control,Stroop.incongruent,Stroop,StroopPerf,StroopPerfT,x.l,x.m,x.n,x.s,SSRTshort,SSRTmed,SSRTlong,ToAvgS,ToAvgM,ToAvgL,SSRTavg,LetMem,LetMemT,LetMemHard,LetMemHardT,KeepTrack,KeepTrackT,SpatialBack,SpatialBackT,NumLet.0,NumLet.1,NumLett,NumLetPerf,ColShape.0,ColShape.1,ColShape,ColShapePerf,CatSwitch.0,CatSwitch.1,CatSwitch,CatSwitchPerf,SD1,SD2,SD3,SD4,FR1,FR2,FR3,FR4
192,0.6444444,0.7002965,807.6982,823.366,-15.6677296,0.975,1.346721,0.5,0.09375,0.8506944,0,NA,-182.72,-207.12,NA,NA,-207.12,-207.12,0.92,1.1680805,0.9333333,1.2035883,0.5833333,0.6228266,0.8522727,1.0203148,866.7955,1324.9975,-458.20197,0.9019608,596.8913,1008.9841,-412.0928,0.9215686,919.0823,1399.0905,-480.00822,0.9803922,0.7875,0.825,0.8875,0.8625,0.6625,0.7125,0.75,0.8375
91,NA,NA,1017.9494,1076.0952,-58.1457805,0.9416667,1.2275487,0.90625,0.90625,0.9201389,1,-1388.36,-516,-341,NA,NA,NA,NA,0.4666667,0.4855181,0.6533333,0.7119791,0.6111111,0.6574636,NA,NA,952.8908,1372.5865,-419.69568,0.9705882,1015.3559,1338.0998,-322.74388,0.9803922,1312.004,1445.8456,-133.84163,0.6470588,0.6,0.65,0.625,0.8,0.6875,0.75,0.8,0.7625
28,0.5444444,0.5757266,830.5381,822.0923,8.4457962,1,1.5707963,0.875,0.6875,0.9201389,0.25,-498.95,-280.64,-338.65,-498.95,-280.64,NA,-389.795,0.8,0.9272952,0.84,0.9972832,0.6111111,0.6574636,NA,NA,1082.2037,1639.6576,-557.45393,0.9215686,776.8603,1265.0561,-488.19577,0.8921569,909.112,1132.3109,-223.19891,0.8921569,0.675,0.7625,0.8125,0.85,0.625,0.7,0.7125,0.725
167,0.6,0.6435011,757.545,854.4239,-96.8788889,0.9583333,1.2811093,0.78125,0.90625,0.1666667,0.875,-930.8,-653.85,-272.29,NA,NA,-272.29,NA,0.72,0.8038023,0.76,0.8633131,0.6111111,0.6574636,NA,NA,735.5479,1087.7361,-352.1882,0.9215686,794.5704,1389.4021,-594.83163,0.9901961,1166.8875,1342.0314,-175.14393,0.8921569,0.5375,0.7125,0.8375,0.775,0.65,0.75,0.7125,0.775
103,NA,NA,1162.5423,1171.702,-9.1597083,0.9833333,1.3879676,0.4375,0.03125,0.9409722,0.03125,-597.49,-202.49,-279.56,NA,NA,-279.56,-279.56,0.7333333,0.823212,0.7733333,0.8840821,0.6111111,0.6574636,0.8636364,1.0424391,991.7944,1520.2168,-528.42238,0.9803922,976.108,1299.0125,-322.90455,0.9803922,1435.7586,1583.5339,-147.77528,0.9019608,0.8,0.7625,0.8875,0.9125,0.625,0.75,0.725,0.8125
144,0.8555556,1.026623,938.1279,970.9477,-32.8198696,0.9666667,1.3118748,0.28125,0.03125,0.9583333,0.0625,-531.99,-195.99,-181.24,NA,NA,-181.24,-181.24,0.44,0.4555987,0.508218,0.5006547,0.6111111,0.6574636,0.8977273,1.1145833,610.4803,849.2416,-238.76128,0.9019608,486.858,683.8967,-197.03867,0.7647059,1097.813,1309.4204,-211.60749,0.9607843,0.7875,0.95,0.8375,0.8,0.6625,0.7875,0.8125,0.7875
185,0.6,0.6435011,1021.8604,1051.6196,-29.7592792,0.9916667,1.4416071,0.625,0.375,0.9583333,0.0625,-565.43,-360.25,-321.67,NA,-360.25,-321.67,-340.96,0.3466667,0.3540151,0.6266667,0.6772684,0.6111111,0.6574636,0.9090909,1.1410967,949.2269,1686.2044,-736.97751,0.9411765,854.3754,1309.2569,-454.88147,0.9215686,1065.841,1570.1817,-504.34072,0.9607843,0.8375,0.8625,0.925,0.8625,0.5375,0.4625,0.625,0.7375
61,NA,NA,1418.3875,1369.2765,49.1109615,0.9666667,1.3118748,0.96875,0.9375,0.875,0.90625,-809.88,-519.87,-491.25,NA,NA,NA,NA,0.68,0.7477626,0.8133333,0.9498587,0.6388889,0.6930531,0.75,0.8480621,1013.5368,1792.4815,-778.94468,0.9705882,985.3635,1416.9061,-431.54257,0.9215686,1039.6437,1326.3196,-286.67588,0.8039216,0.675,0.8375,0.8125,0.825,0.675,0.675,0.7125,0.525
125,0.7333333,0.823212,942.5844,952.1084,-9.5239636,0.975,1.346721,0.5625,0.625,0.4861111,0.5,-871.41,-484.08,-283.31,-871.41,-484.08,-283.31,-546.2667,0.68,0.7477626,0.88,1.0758622,0.6388889,0.6930531,0.9431818,1.2320795,840.2336,1292.7769,-452.54326,0.9803922,806.7922,1069.5161,-262.72389,0.9803922,885.8784,1243.351,-357.4726,0.8333333,0.775,0.85,0.8875,0.8875,0.6125,0.7625,0.6875,0.7
161,0.7777778,0.8911225,860.7504,905.816,-45.0656571,0.9666667,1.3118748,0.90625,0.59375,0.9791667,0.15625,-632.76,-329.94,-426.08,-632.76,-329.94,NA,-481.35,0.8266667,0.9731577,0.8933333,1.1047087,0.6388889,0.6930531,0.6590909,0.7196093,856.5761,1653.67,-797.09394,0.8137255,902.45,1317.1407,-414.69073,0.9705882,1201.1308,1384.6753,-183.54454,0.9803922,0.4875,0.475,0.6,0.85,0.575,0.5125,0.5,0.4875
74,0.4333333,0.4481881,921.0808,921.5131,-0.432325,1,1.5707963,0.96875,1,1,1,-1386.26,-955.26,-325.59,NA,NA,NA,NA,0.6266667,0.6772684,0.7333333,0.823212,0.6388889,0.6930531,NA,NA,681.4721,NA,NA,0.5,967.3245,1185.8885,-218.56396,0.9901961,977.4355,1424.1922,-446.75672,0.9803922,0.7,0.7625,0.925,0.875,0.5125,0.5875,0.775,0.7625
4,0.7666667,0.8736332,1477.7151,1651.4424,-173.7273094,0.9833333,1.3879676,0.84375,0.84375,0.9375,0.5,-663.23,-513.01,-338.01,-663.23,-513.01,-338.01,-504.75,0.4933333,0.5159177,0.6,0.6435011,0.6666667,0.7297277,0.7159091,0.7979253,928.9059,1401.0065,-472.10051,0.8823529,930.4792,1436.1958,-505.71659,0.7156863,814.3285,1396.0276,-581.69912,0.6470588,0.675,0.85,0.8,0.875,0.675,0.6125,0.7125,0.8125
191,NA,NA,1063.3758,1032.98,30.3957778,0.9333333,1.2035883,0.65625,0.375,0.8020833,0.34375,-809.76,-138.23,-269.45,-809.76,-138.23,-269.45,NA,0.6533333,0.7119791,0.7333333,0.823212,0.6666667,0.7297277,0.6704545,0.7348213,1127.5532,1474.2181,-346.66492,0.9019608,1199.0309,1474.5405,-275.50966,0.8823529,1131.9803,1260.8458,-128.86552,0.7941176,0.4625,0.6125,0.5375,0.5125,0.55,0.5875,0.5375,0.6375
65,0.6333333,0.685853,1175.001,1258.0586,-83.0576471,0.9333333,1.2035883,0.8125,0.625,0.7847222,0.4375,-789.54,-328.04,-298.69,-789.54,-328.04,-298.69,-472.09,0.52,0.546851,0.7866667,0.9053911,0.6666667,0.7297277,NA,NA,1109.7754,2167.3141,-1057.53875,0.9019608,1038.0923,1836.5991,-798.50684,0.9019608,1180.5945,1242.106,-61.51148,0.8431373,0.5125,0.8625,0.85,0.85,0.55,0.7125,0.625,0.6875
79,NA,NA,820.5942,812.01,8.58425,0.6281847,0.7454004,0.71875,0.5625,0.8402778,0.375,-672.41,-72.62,-26.7,-672.41,-72.62,-26.7,NA,0.84,0.9972832,0.92,1.1680805,0.6666667,0.7297277,0.8863636,1.089431,766.3112,1077.9686,-311.65732,0.8333333,700.2715,1016.2673,-315.99583,0.9705882,1605.9223,1803.2911,-197.36885,0.8627451,0.675,0.7,0.7625,0.775,0.725,0.725,0.675,0.5875
62,0.9444444,1.2359002,1275.8923,1403.5738,-127.6815009,0.875,1.0654358,0.8125,0.59375,0.9791667,0.03125,-395.28,-116.9,-41.98,NA,-116.9,-41.98,-79.44,0.7066667,0.7847759,0.8,0.9272952,0.6666667,0.7297277,0.8522727,1.0203148,834.6366,1320.6087,-485.97213,0.9607843,1160.6763,1711.7154,-551.03907,0.9313725,815.5617,1158.3042,-342.74242,0.9215686,0.825,0.85,0.8625,0.8,0.625,0.6,0.7875,0.675
145,0.8222222,0.9653044,810.7431,967.7846,-157.0415684,0.9083333,1.1392818,0.90625,0.90625,0.8645833,0.875,-911.16,-542.54,-367.54,NA,NA,NA,NA,0.92,1.1680805,0.96,1.2870022,0.6666667,0.7297277,0.7840909,0.90123,780.8877,933.6338,-152.74607,0.9705882,720.7875,1034.1434,-313.35593,0.8921569,738.315,1222.5163,-484.20129,0.9313725,0.475,0.4875,0.4625,0.4,0.5875,0.675,0.675,0.6875
156,0.5777778,0.6160034,1091.3679,1063.5139,27.854057,0.9916667,1.4416071,0.46875,0.3125,0.875,0.03125,-446,-205.03,-88.7,NA,-205.03,-88.7,-146.865,0.6933333,0.7661045,0.7733333,0.8840821,0.6666667,0.7297277,NA,NA,890.5026,1526.5549,-636.05231,0.9607843,786.0827,1297.8483,-511.76561,0.9607843,766.8457,1230.8961,-464.05038,0.9411765,0.8125,0.8625,0.8125,0.8,0.6,0.7,0.725,0.775
179,0.8444444,1.0055271,1044.2242,1089.4047,-45.1805859,0.9916667,1.4416071,0.6875,0.15625,0.9861111,0.0625,-448.25,-205.21,-307.15,NA,-205.21,-307.15,-256.18,0.5733333,0.6105685,0.8266667,0.9731577,0.6666667,0.7297277,0.8522727,1.0203148,1110.1243,1516.8827,-406.7584,0.9901961,1005.2237,1181.291,-176.06726,1,971.8715,1133.8876,-162.01612,0.9901961,0.5625,0.85,0.8625,0.825,0.675,0.675,0.725,0.65
182,0.8111111,0.9460493,879.5406,624.43,NA,0.6281847,NA,0.9375,1,0.9930556,0.96875,-922.84,-1074.06,-355.81,NA,NA,NA,NA,0.9333333,1.2035883,0.96,1.2870022,0.6944444,0.7676475,NA,NA,828.5,1285.9133,-457.41333,0.5686275,728.9278,1129.7771,-400.84931,0.9411765,432.2367,501.85,-69.61333,0.3921569,0.7375,0.875,0.8375,0.9,0.6625,0.7,0.775,0.691358
197,0.4777778,0.4981233,939.8581,1097.973,-158.1148392,0.8416667,1.0003623,0.875,0.53125,0.9548611,0.03125,-403.72,-221.23,-345.52,NA,-221.23,NA,-221.23,0.68,0.7477626,0.8266667,0.9731577,0.6944444,0.7676475,NA,NA,835.2909,1101.0741,-265.78318,0.8039216,754.7003,1110.0842,-355.38387,0.7058824,928.7422,1118.8153,-190.07316,0.6764706,0.725,0.8,0.6125,0.75,0.5625,0.4375,0.5625,0.5375
194,NA,NA,1114.1384,1137.2818,-23.1433437,0.8083333,0.9413156,0.3125,0.46875,0.3993056,0.40625,-525.43,57.61,301.08,-525.43,57.61,301.08,-55.58,0.6933333,0.7661045,0.7466667,0.8430368,0.6944444,0.7676475,NA,NA,863.1932,1838.4138,-975.22062,0.9117647,865.2206,1261.2948,-396.07428,0.8921569,775.5488,1180.3136,-404.76489,0.7352941,0.675,0.7375,0.8625,0.8375,0.675,0.6125,0.5875,0.55
68,0.6888889,0.7599551,968.2133,983.2726,-15.0592982,0.975,1.346721,0.15625,0.25,0.6666667,0.0625,-513.54,-219.52,26.41,NA,-219.52,26.41,-96.555,0.8666667,1.0484815,0.9066667,1.135314,0.6944444,0.7676475,NA,NA,807.8725,1167.4714,-359.59889,0.9607843,733.6374,1149.1119,-415.47445,0.8627451,777.9787,1064.2396,-286.26095,0.8137255,0.625,0.575,0.725,0.6375,0.7125,0.75,0.675,0.6125
29,0.7,0.7753975,808.1115,794.9928,13.1187307,0.95,1.2532359,0.9375,0.96875,0.9722222,1,-1321.68,-520.23,-225.95,NA,NA,NA,NA,0.7066667,0.7847759,0.7866667,0.9053911,0.6944444,0.7676475,NA,NA,752.0119,1202.0408,-450.02893,0.9607843,669.9802,914.1732,-244.19294,0.9607843,702.7034,862.1164,-159.41299,0.8235294,0.4125,0.475,0.4375,0.4125,0.65,0.4875,0.575,0.5125
162,0.7555556,0.8565018,705.7922,799.7334,-93.9412522,0.8916667,1.1010136,0.53125,0.46875,0.9097222,0.4375,-725.73,-336.48,-208.87,-725.73,-336.48,-208.87,NA,0.84,0.9972832,0.8933333,1.1047087,0.6944444,0.7676475,0.8522727,1.0203148,903.042,1082.1829,-179.14081,0.9803922,803.1476,1023.6274,-220.47979,0.9607843,912.2813,1107.8424,-195.5611,0.8431373,0.775,0.9125,0.8875,0.8875,0.675,0.85,0.825,0.8375
67,0.7666667,0.8736332,1519.9336,1534.2247,-14.2911614,0.8916667,1.1010136,0.40625,0.1875,0.90625,0.1875,-691.17,-347.17,-290.76,-691.17,-347.17,-290.76,-443.0333,0.8533333,1.0223457,0.9066667,1.135314,0.6944444,0.7676475,0.9545455,1.2681311,718.1976,911.4756,-193.27802,0.8529412,670.2218,999.9776,-329.75578,0.9019608,899.2037,1088.5142,-189.31053,0.8823529,0.7875,0.85,0.8375,0.775,0.65,0.725,0.6375,0.6375
116,0.5888889,0.6296834,1467.6339,1514.7426,-47.1087199,0.9583333,1.2811093,0.25,0.21875,0.8090278,0,NA,-463.05,-309.4,NA,-463.05,-309.4,-386.225,0.8533333,1.0223457,0.96,1.2870022,0.6944444,0.7676475,0.7727273,0.8831267,1279.3087,1420.8381,-141.52936,0.9803922,1052.2825,1378.7088,-326.42629,0.9019608,979.5458,1201.0797,-221.53383,0.8921569,0.775,0.8,0.725,0.6875,0.675,0.8125,0.7,0.775
46,0.5555556,0.589031,869.2427,890.5061,-21.263448,0.9833333,1.3879676,0.21875,0.15625,0.96875,0.03125,-483.05,-280.39,-155.51,NA,-280.39,-155.51,-217.95,0.7733333,0.8840821,0.9066667,1.135314,0.6944444,0.7676475,0.8295455,0.9782932,1029.46,1422.7467,-393.28674,1,788.7389,999.2347,-210.49584,0.9705882,1005.41,1312.6094,-307.19944,0.8921569,0.6,0.8375,0.8875,0.85,0.6875,0.6625,0.7,0.7125
53,0.4666667,0.4855181,1051.2323,1072.3904,-21.1580432,0.9916667,1.4416071,0.65625,0.71875,0.6770833,0.65625,-753.28,-122.39,115.72,-753.28,-122.39,115.72,-253.3167,0.7066667,0.7847759,0.7866667,0.9053911,0.6944444,0.7676475,NA,NA,1116.2964,2369.5457,-1253.24926,0.9117647,1390.5097,2236.1857,-845.67593,0.8921569,909.3977,1566.0877,-656.69002,0.9215686,0.8,0.875,0.875,0.875,0.625,0.7,0.675,0.725
108,0.6,0.6435011,985.2737,963.7791,21.4945663,0.9583333,1.2811093,0.5,0.125,0.8298611,0.09375,-646.42,-229.51,-234.94,NA,NA,-234.94,-234.94,0.64,0.6944983,0.8533333,1.0223457,0.6944444,0.7676475,NA,NA,1039.5433,1634.7028,-595.15952,0.9607843,943.95,1280.0554,-336.10536,0.9313725,1341.9897,1553.4721,-211.48233,0.9313725,0.4625,0.675,0.8125,0.8375,0.65,0.5125,0.6625,0.625
20,0.6555556,0.7149181,1129.7428,1132.5335,-2.7906244,0.9916667,1.4416071,0.65625,0.65625,0.9131944,0.84375,-837.35,-349.96,-174.96,-837.35,-349.96,-174.96,-454.09,0.6533333,0.7119791,0.76,0.8633131,0.6944444,0.7676475,0.7840909,0.90123,1071.3691,1836.723,-765.35393,0.9705882,1066.6658,1396.3133,-329.64752,0.9901961,1084.2853,1413.3692,-329.08391,0.9509804,0.5,0.5125,0.5,0.475,0.55,0.6875,0.5875,0.6875
198,0.8444444,1.0055271,1070.4573,1145.5521,-75.0948605,1,1.5707963,0.90625,0.53125,0.9930556,0.03125,-414.58,-217.96,-287.77,NA,-217.96,NA,-217.96,0.7066667,0.7847759,0.7733333,0.8840821,0.6944444,0.7676475,0.8295455,0.9782932,918.108,1279.4473,-361.33927,0.9901961,887.7843,1613.5705,-725.78619,0.9705882,879.1695,1115.0966,-235.92707,0.9607843,0.7625,0.825,0.8875,0.875,0.7125,0.6875,0.675,0.7875
119,NA,NA,1128.6198,1166.1848,-37.5650359,0.975,1.346721,0.59375,0.21875,0.9340278,0.125,-644.82,-190.73,-326.5,NA,-190.73,-326.5,-258.615,0.96,1.2870022,0.9733333,1.3393399,0.7222222,0.8070098,0.9318182,1.1993908,981.3283,1611.7598,-630.43143,0.9901961,843.1613,1478.699,-635.53776,0.9803922,748.9345,NA,NA,0.3921569,0.6,0.8375,0.85,0.85,0.6875,0.7375,0.7,0.6875
90,NA,NA,970.0714,948.0486,22.0227559,0.9833333,1.3879676,0.96875,0.9375,0.9652778,0.96875,-1149.7,-573.22,-514.7,NA,NA,NA,NA,0.3142857,0.3197041,0.7714286,0.8810832,0.7222222,0.8070098,NA,NA,944.3528,1326.3815,-382.02871,0.9803922,909.8845,1156.7222,-246.83769,0.9607843,863.3169,816.0683,47.24854,0.5686275,0.5875,0.5625,0.7,0.7,0.6625,0.625,0.6625,0.6375
189,NA,NA,1039.7,1002.3969,37.3031034,0.8416667,1.0003623,0.875,0.6875,0.8888889,0.375,-563.53,-188.44,-177.2,-563.53,-188.44,NA,NA,0.32,0.3257295,0.64,0.6944983,0.7222222,0.8070098,0.9090909,1.1410967,787.8059,1101.8985,-314.09255,0.6176471,642.8763,903.54,-260.66371,0.9509804,595.258,636.4243,-41.16635,0.6078431,0.4625,0.7625,0.75,0.8,0.475,0.55,0.6,0.5
41,0.9333333,1.2035883,1004.8641,1014.7893,-9.9252442,0.9,1.1197695,0.96875,0.6875,0.8993056,0.15625,-444.26,-75.28,-328.73,-444.26,-75.28,NA,-259.77,0.4266667,0.4408039,0.64,0.6944983,0.7222222,0.8070098,0.7386364,0.8310452,964.1121,1379.0414,-414.92932,0.9117647,1056.9783,1360.9321,-303.95373,0.9313725,859.3477,1442.0705,-582.72283,0.6176471,0.725,0.8,0.675,0.8625,0.65,0.8,0.8375,0.7
154,0.7,0.7753975,1206.0585,1248.8667,NA,0.6281847,NA,1,0.96875,0.9652778,1,-1415.26,-735.12,-760.26,NA,NA,NA,NA,0.6266667,0.6772684,0.8266667,0.9731577,0.7222222,0.8070098,NA,NA,725.4033,1478.69,NA,0.4411765,863.5194,1392.3024,-528.783,0.9019608,1432.2529,1918.1865,-485.93361,0.7647059,0.5625,0.525,0.625,0.5375,0.4625,0.5375,0.5,0.675
88,0.4,0.4115168,1154.3972,1100.09,54.3071739,0.875,1.0654358,0.90625,0.71875,0.9166667,0.3125,-459.05,-255.06,-194.65,-459.05,-255.06,NA,-357.055,0.5866667,0.6269366,0.72,0.8038023,0.7222222,0.8070098,0.8295455,0.9782932,996.5868,1480.5852,-483.99834,0.9411765,988.4847,1373.7648,-385.28003,0.8529412,665.15,938.8407,-273.69074,0.7843137,0.4875,0.725,0.8,0.8375,0.6375,0.725,0.6875,0.6625
25,0.8555556,1.026623,1196.9582,1297.7225,-100.7642208,0.9583333,1.2811093,0.40625,0.28125,0.9270833,0.125,-577.04,-308.78,-172.47,NA,-308.78,-172.47,-240.625,0.5466667,0.5783782,0.6,0.6435011,0.7222222,0.8070098,0.8409091,0.9989609,895.7529,1424.5256,-528.77273,0.9705882,766.9173,1522.2895,-755.37214,0.9411765,773.8188,1288.9664,-515.14754,0.8235294,0.75,0.7375,0.7375,0.75,0.7,0.7,0.7625,0.6
172,0.9111111,1.1459719,1051.8713,1065.97,-14.0986792,0.9666667,1.3118748,0.8125,0.78125,0.7743056,0.8125,-1085.59,-245.44,-127.59,-1085.59,-245.44,-127.59,NA,0.92,1.1680805,0.96,1.2870022,0.7222222,0.8070098,0.8636364,1.0424391,715.8086,1087.5644,-371.75584,0.9803922,895.0495,1053.9347,-158.88518,0.9803922,1724.8327,1871.4059,-146.57321,0.872549,0.7875,0.8875,0.8,0.775,0.625,0.6125,0.7125,0.775
86,0.7777778,0.8911225,1202.6296,1185.9645,16.665029,0.9583333,1.2811093,0.375,0,0.9340278,0,NA,NA,-162.02,NA,NA,-162.02,-162.02,0.68,0.7477626,0.8,0.9272952,0.7222222,0.8070098,0.8863636,1.089431,784.2838,1251.75,-467.46615,0.9019608,831.0255,1098.9724,-267.94687,0.8823529,1026.6957,1288.4521,-261.75639,0.8921569,0.5125,0.4875,0.55,0.775,0.6375,0.6625,0.625,0.7125
158,0.4555556,0.4729962,1027.2994,1041.651,-14.3515939,0.9833333,1.3879676,0.625,0.59375,0.7951389,0.03125,-510.14,-318.08,-175.12,NA,-318.08,-175.12,-246.6,0.68,0.7477626,0.8533333,1.0223457,0.7222222,0.8070098,0.75,0.8480621,960.334,1455.9521,-495.61806,0.9705882,849.9403,1226.9624,-377.02208,0.9509804,1110.796,1480.3257,-369.52971,0.9215686,0.6375,0.65,0.8,0.7125,0.65,0.7625,0.625,0.5875
181,0.7222222,0.8070098,1024.3775,1011.2746,13.1028249,0.975,1.346721,0.25,0.0625,0.9826389,0.125,-819.14,-352.96,-292.71,NA,NA,-292.71,-292.71,0.7066667,0.7847759,0.76,0.8633131,0.7222222,0.8070098,0.8977273,1.1145833,997.0013,1518.4908,-521.48948,0.9607843,911.898,1513.9785,-602.08049,0.9705882,1394.8014,1624.4789,-229.67751,0.9215686,0.85,0.9125,0.9125,0.8625,0.6875,0.7125,0.75,0.7375
19,0.9333333,1.2035883,791.5747,803.6542,-12.0795203,1,1.5707963,0.40625,0.0625,0.9236111,0,NA,-221.64,-226.84,NA,NA,-226.84,-226.84,0.84,0.9972832,0.92,1.1680805,0.7222222,0.8070098,0.8181818,0.9582416,1041.8698,1511.3283,-469.45856,0.9607843,771.3918,992.56,-221.16818,0.9803922,978.038,1038.7646,-60.72657,0.9215686,0.5875,0.8,0.7375,0.7375,0.725,0.7125,0.7,0.7375
148,0.7111111,0.7910773,883.9087,900.9692,-17.0605137,1,1.5707963,0.96875,0.8125,0.9756944,0.125,-395.32,-234.43,-212.47,NA,-234.43,NA,-234.43,0.5733333,0.6105685,0.92,1.1680805,0.7222222,0.8070098,0.7159091,0.7979253,798.4205,1276.6248,-478.20431,0.9607843,525.3147,839.6916,-314.37696,0.9901961,953.0185,1109.9417,-156.92318,0.9313725,0.8,0.9,0.9125,0.9125,0.6375,0.6625,0.7125,0.7375
43,0.4222222,0.4358954,843.8076,835.32,8.4875926,0.9916667,1.4416071,0.8125,0.875,0.84375,0.875,-743.21,-409.21,-141.88,NA,NA,-141.88,-141.88,0.5733333,0.6105685,0.6933333,0.7661045,0.7222222,0.8070098,0.6136364,0.6606578,993.5815,1413.1463,-419.56475,0.9411765,737.4075,1060.58,-323.1725,0.9117647,785.246,1024.0667,-238.82062,0.9509804,0.5625,0.45,0.5625,0.4375,0.725,0.7,0.7875,0.675
138,0.9555556,1.2715385,1236.6579,1136.137,100.5209203,1,1.5707963,0.875,0.21875,0.9965278,0,NA,-231.2,-260.89,NA,-231.2,NA,-231.2,0.7066667,0.7847759,0.8533333,1.0223457,0.7222222,0.8070098,0.9772727,1.3571897,744.2809,999.2177,-254.9368,1,682.21,919.8892,-237.67925,0.9803922,1149.106,1286.4402,-137.33426,1,0.7875,0.7875,0.8375,0.875,0.6625,0.7625,0.775,0.8
177,0.8111111,0.9460493,957.708,975.75,-18.042,0.9583333,1.2811093,0.90625,0.875,0.9826389,0.28125,-590.93,-373.2,-260.94,-590.93,NA,NA,-590.93,0.8266667,0.9731577,0.8533333,1.0223457,0.75,0.8480621,0.8295455,0.9782932,681.5059,932.5965,-251.09059,0.9705882,564.118,890.1784,-326.06037,0.9607843,957.9629,1331.2657,-373.3028,0.754902,0.7375,0.95,0.9,0.9,0.65,0.675,0.625,0.75
159,NA,NA,1100.2102,1137.4528,-37.2426,0.925,1.1810356,0.75,0.5,0.8402778,0.15625,-753.08,-181.36,-163.39,-753.08,-181.36,-163.39,-365.9433,0.7066667,0.7847759,0.8266667,0.9731577,0.75,0.8480621,0.8977273,1.1145833,893.395,1134.5207,-241.12567,0.9313725,956.9209,1195.9038,-238.98299,0.8431373,1129.0413,1367.5385,-238.49713,0.7745098,0.6625,0.85,0.8875,0.8875,0.675,0.7625,0.75,0.6625
99,0.5333333,0.5625362,1103.2807,1198.2762,-94.9955478,0.9166667,1.1596585,0.78125,0.59375,0.7916667,0.8125,-771.49,-115.23,-84.11,-771.49,-115.23,-84.11,-323.61,0.7333333,0.823212,0.8133333,0.9498587,0.75,0.8480621,NA,NA,816.1827,1189.7933,-373.61067,0.7647059,709.8326,971.7763,-261.94364,0.627451,867.549,1142.556,-275.007,0.7941176,0.3875,0.5875,0.5125,0.5125,0.6125,0.7125,0.6,0.6125
184,0.9222222,1.1737889,758.418,764.3568,-5.9388333,0.9583333,1.2811093,0.15625,0.0625,0.96875,0,NA,-349.82,-302.98,NA,NA,-302.98,-302.98,0.88,1.0758622,0.9466667,1.2427284,0.75,0.8480621,0.9659091,1.3089323,692.1322,1022.6443,-330.51211,0.9607843,687.5596,1018.1312,-330.57166,0.9901961,1069.6935,1179.06,-109.36645,0.7941176,0.8625,0.8875,0.9,0.8625,0.675,0.7375,0.7625,0.7625
94,0.5666667,0.6024546,850.1457,814.456,35.6897063,0.9916667,1.4416071,0.96875,0.9375,0.96875,0.34375,-582.93,-383.03,-327.66,-582.93,NA,NA,-582.93,0.8666667,1.0484815,0.9333333,1.2035883,0.75,0.8480621,0.9545455,1.2681311,826.5674,1235.6407,-409.07332,0.9901961,922.4712,1340.434,-417.96286,0.9901961,1368.3857,1663.5139,-295.1282,0.8921569,0.575,0.8,0.8625,0.775,0.5125,0.6125,0.625,0.7375
82,0.8666667,1.0484815,765.8337,769.3078,-3.4740745,0.9666667,1.3118748,0.34375,0.25,0.8784722,0,NA,-260.13,-168.42,NA,-260.13,-168.42,-214.275,0.56,0.5943858,0.6933333,0.7661045,0.75,0.8480621,0.8977273,1.1145833,846.2652,1121.9579,-275.69262,0.9705882,546.5778,825.1397,-278.56191,0.8627451,828.7676,958.4144,-129.64678,0.9215686,0.6875,0.85,0.8625,0.8125,0.7,0.725,0.75,0.675
8,0.8888889,1.0949141,944.353,964.2875,-19.934537,0.9916667,1.4416071,0.5,0.0625,0.9618056,0.0625,-582.66,-217.66,-275.76,NA,NA,-275.76,-275.76,0.7333333,0.823212,0.8933333,1.1047087,0.75,0.8480621,0.8068182,0.9387465,942.7417,1325.551,-382.80925,0.9705882,871.8098,969.8715,-98.06177,0.9509804,1093.6918,1245.7523,-152.06047,0.9215686,0.5125,0.5375,0.475,0.475,0.65,0.6625,0.6875,0.7125
107,0.8444444,1.0055271,760.3678,755.9978,4.370025,0.9666667,1.3118748,0.53125,0.125,0.9618056,0.03125,-499.85,-284.17,-328.28,NA,NA,-328.28,-328.28,0.64,0.6944983,0.8666667,1.0484815,0.75,0.8480621,0.9090909,1.1410967,676.5659,1007.8635,-331.29753,0.8431373,484.275,757.0924,-272.8174,0.8235294,765.0979,880.3553,-115.25737,0.9411765,0.7125,0.825,0.8,0.85,0.575,0.7625,0.8,0.9125
93,0.8444444,1.0055271,771.1359,907.2873,-136.1514774,0.9166667,1.1596585,0.75,0.3125,0.9583333,0.03125,-444.3,-172.96,-201.36,NA,-172.96,-201.36,-187.16,0.76,0.8633131,0.8266667,0.9731577,0.75,0.8480621,0.9659091,1.3089323,799.9433,1098.3741,-298.43077,0.9705882,792.1102,855.0123,-62.90207,0.9607843,826.5347,1062.5103,-235.97562,0.9411765,0.4375,0.6875,0.7375,0.675,0.675,0.7125,0.7625,0.7625
187,0.8444444,1.0055271,628.2526,633.2076,-4.9549447,0.95,1.2532359,0.71875,0.0625,1,0,NA,-174.77,-197.31,NA,NA,-197.31,-197.31,0.6666667,0.7297277,0.9066667,1.135314,0.75,NA,0.8068182,0.9387465,670.0112,944.596,-274.58479,0.9607843,634.4421,814.16,-179.71786,0.9411765,602.652,713.4487,-110.79671,0.9509804,0.7625,0.9125,0.8875,0.9125,0.625,0.725,0.7625,0.7125
26,0.9444444,1.2359002,965.4863,937.498,27.9883043,0.9916667,1.4416071,0.40625,0.125,1,0,NA,-279.91,-234.85,NA,NA,-234.85,-234.85,0.6533333,0.7119791,0.7466667,0.8430368,0.75,0.8480621,0.6136364,0.6606578,747.5936,1137.2329,-389.63937,0.9313725,562.7277,962.417,-399.68924,0.9509804,687.0556,986.1813,-299.12573,0.9509804,0.6,0.8625,0.8625,0.85,0.5625,0.725,0.6625,0.7125
54,0.7777778,0.8911225,825.8836,809.6808,16.2028008,0.9,1.1197695,0.78125,0.15625,0.9965278,0.03125,-476.01,-249.49,-242.42,NA,-249.49,-242.42,-245.955,0.5333333,0.5625362,0.6933333,0.7661045,0.75,0.8480621,NA,NA,723.7249,1098.9147,-375.18987,0.9313725,649.4402,992.055,-342.61477,0.9607843,884.6021,1044.6824,-160.08027,0.9509804,0.5875,0.7625,0.8375,0.85,0.725,0.6375,0.7,0.55
176,0.5555556,0.589031,1023.9311,1131.9228,-107.991713,0.9333333,1.2035883,0.78125,0.65625,0.9548611,0,NA,-226.71,-144.03,NA,-226.71,-144.03,-185.37,0.9066667,1.135314,0.9866667,1.407315,0.75,0.8480621,0.625,0.6751315,1190.792,1819.4911,-628.69905,0.9901961,1102.2841,1254.4029,-152.1188,0.9901961,941.8942,1167.9044,-226.01015,0.9509804,0.5625,0.7875,0.8125,0.825,0.625,0.75,0.825,0.725
77,0.8666667,1.0484815,968.9513,950.1278,18.8235495,0.9916667,1.4416071,0.3125,0.09375,0.9513889,0.0625,-805.74,-358.89,-311.74,NA,NA,-311.74,-311.74,0.6666667,0.7297277,0.8266667,0.9731577,0.75,0.8480621,0.9318182,1.1993908,839.0221,1066.4156,-227.39356,1,606.1298,824.4609,-218.33114,0.9901961,963.8341,1213.9752,-250.14118,0.9509804,0.6875,0.925,0.9,0.825,0.7625,0.7125,0.7,0.7625
59,0.7,0.7753975,882.5004,933.0702,-50.5698083,0.9583333,1.2811093,1,0.96875,0.9722222,1,-1214.67,-502.42,-728.67,NA,NA,NA,NA,0.5466667,0.5783782,0.7733333,0.8840821,0.75,0.8480621,0.875,1.0654358,1246.884,1829.1337,-582.24967,0.9607843,1071.6336,1564.5798,-492.94622,1,1022.966,1339.3539,-316.3879,0.9509804,0.5,0.825,0.8,0.875,0.6,0.7125,0.6625,0.7125
196,0.5666667,0.6024546,840.8958,851.1729,-10.2770664,0.9833333,1.3879676,0.5625,0.09375,0.9826389,0.0625,-547.47,-181.26,-258.67,NA,NA,-258.67,-258.67,0.8133333,0.9498587,0.92,1.1680805,0.75,0.8480621,0.7613636,0.8654138,1075.7167,1501.652,-425.93533,1,915.5926,1153.9909,-238.39832,0.9411765,1044.0519,1273.6208,-229.56891,0.9607843,0.6125,0.65,0.6125,0.55,0.6125,0.6,0.7375,0.7125
115,0.9222222,1.1737889,902.3597,910.684,-8.3242187,0.9416667,1.2275487,0.5,0.0625,0.9444444,0.0625,-491.64,-197.64,-177.68,NA,NA,-177.68,-177.68,0.6933333,0.7661045,0.7466667,0.8430368,0.75,0.8480621,0.9431818,1.2320795,926.9669,1498.2417,-571.27482,0.9901961,746.1052,927.7445,-181.63924,0.9607843,898.0784,1088.806,-190.72759,0.9607843,0.4625,0.5875,0.875,0.8375,0.6,0.675,0.675,0.6875
153,0.9,1.1197695,902.6102,933.3684,-30.7581968,0.9666667,1.3118748,0.84375,0.5,0.9444444,0.25,-475.95,-221.16,-232.96,-475.95,-221.16,-232.96,-310.0233,0.5733333,0.6105685,0.72,0.8038023,0.75,0.8480621,NA,NA,673.6863,774.895,-101.20872,0.9607843,567.3917,771.548,-204.15633,0.9411765,904.7823,962.7997,-58.01747,0.9705882,0.8375,0.9,0.925,0.9375,0.625,0.6625,0.8,0.8375
201,0.8222222,0.9653044,1094.6026,1135.5602,-40.9575371,0.9833333,1.3879676,0.25,0.125,0.9236111,0,NA,-253.75,-143.53,NA,NA,-143.53,-143.53,0.6266667,0.6772684,0.7866667,0.9053911,0.75,0.8480621,0.8863636,1.089431,804.006,1003.5772,-199.57127,0.9705882,971.9426,1177.0124,-205.06981,0.9705882,812.8327,1046.55,-233.71732,0.9705882,0.7125,0.75,0.85,0.8375,0.7,0.8,0.7625,0.85
130,0.7222222,0.8070098,1253.7845,1211.5648,42.2196726,0.9916667,1.4416071,0.21875,0.0625,0.9826389,0.1875,-660.3,-220.05,-151.38,-660.3,NA,-151.38,-405.84,0.6133333,0.6602741,0.6933333,0.7661045,0.7777778,0.8911225,0.7613636,0.8654138,848.0644,1373.9127,-525.84833,0.9705882,726.4967,1010.6317,-284.135,0.9411765,935.4377,1275.4794,-340.04173,0.8529412,0.825,0.85,0.7875,0.825,0.6375,0.625,0.65,0.5875
40,0.6888889,0.7599551,876.896,933.9563,-57.0603265,0.9083333,1.1392818,0.5625,0.65625,0.8333333,0.125,-490.84,-301.56,-48.81,NA,-301.56,-48.81,-175.185,0.7733333,0.8840821,0.7733333,0.8840821,0.7777778,0.8911225,NA,NA,1237.2746,1739.8006,-502.52603,0.9019608,887.4269,1088.2097,-200.78275,0.9509804,1095.6138,1415.8706,-320.25678,0.8529412,0.4625,0.55,0.5875,0.525,0.725,0.6875,0.675,0.6375
120,0.7666667,0.8736332,919.5002,981.7748,-62.2746054,0.9583333,1.2811093,0.59375,0.34375,0.9375,0,NA,-257.38,-221.53,NA,-257.38,-221.53,-239.455,0.8,0.9272952,0.8266667,0.9731577,0.7777778,0.8911225,NA,NA,645.3447,1094.2908,-448.94612,0.9705882,574.9346,1051.3268,-476.39214,0.8921569,1107.0062,1495.3833,-388.37713,0.8627451,0.675,0.5875,0.65,0.6625,0.625,0.725,0.7625,0.775
122,0.5888889,0.6296834,909.9444,929.3757,-19.4312963,0.975,1.346721,0.90625,0.46875,0.8090278,0.3125,-675.36,-282.09,-506.66,-675.36,-282.09,NA,-478.725,0.68,0.7477626,0.8133333,0.9498587,0.7777778,0.8911225,0.7727273,0.8831267,1632.6351,2442.4235,-809.78839,0.9313725,1205.945,2188.8632,-982.91825,0.9313725,1080.395,1789.0503,-708.65534,0.872549,0.7625,0.825,0.825,0.9125,0.5875,0.575,0.55,0.5875
111,0.7777778,0.8911225,924.6437,918.5792,6.0645021,1,1.5707963,0.34375,0.21875,0.9826389,0.03125,-483.3,-318.93,-211.06,NA,-318.93,-211.06,-264.995,0.7333333,0.823212,0.84,0.9972832,0.7777778,0.8911225,0.8181818,0.9582416,893.2558,1347.5243,-454.26857,0.9509804,604.5518,948.8518,-344.29991,0.9411765,826.9252,1011.0434,-184.11828,0.8921569,0.4875,0.6625,0.6625,0.675,0.5625,0.6,0.675,0.625
123,0.6222222,0.6715782,1077.8521,1127.8119,-49.9597764,0.9833333,1.3879676,0.96875,0.6875,0.9826389,0.1875,-468.84,-324.48,-441.44,-468.84,-324.48,NA,-396.66,0.8,0.9272952,0.9066667,1.135314,0.7777778,0.8911225,0.875,1.0654358,803.5578,1717.2533,-913.69553,0.9705882,864.3982,1212.9278,-348.52967,0.8823529,975.8222,1141.7493,-165.92715,0.9117647,0.65,0.675,0.625,0.625,0.7375,0.5375,0.7,0.7
151,0.7444444,0.8397024,694.2229,778.9834,-84.7604517,0.9416667,1.2275487,0.9375,0.65625,0.9444444,0.34375,-489.91,-235.13,-270.51,-489.91,-235.13,NA,-362.52,0.8533333,1.0223457,0.92,1.1680805,0.7777778,0.8911225,0.9204545,1.1692419,875.346,1232.4603,-357.11433,0.9509804,760.34,1265.0717,-504.73171,0.9313725,683.4825,883.8252,-200.34266,0.9117647,0.7625,0.85,0.8125,0.875,0.6375,0.65,0.6625,0.6
126,0.7666667,0.8736332,1062.4648,1151.1979,-88.7331019,0.975,1.346721,0.875,0.59375,0.9652778,0.125,-488.12,-177.41,-280.41,NA,-177.41,NA,-177.41,0.5466667,0.5783782,0.6666667,0.7297277,0.7777778,0.8911225,0.8522727,1.0203148,794.1645,1146.3646,-352.20009,0.9411765,911.9745,1114.2981,-202.32353,0.9803922,948.3517,1222.1987,-273.847,0.9117647,0.6375,0.8125,0.8375,0.75,0.6,0.65,0.55,0.7125
70,0.8777778,1.0712037,876.71,869.9026,6.8074074,0.9916667,1.4416071,0.75,0.375,0.9965278,0.0625,-443.04,-226.5,-191.07,NA,-226.5,-191.07,-208.785,0.7733333,0.8840821,0.8933333,1.1047087,0.7777778,0.8911225,NA,NA,1049.5709,1746.374,-696.80316,0.9803922,905.1017,1158.2629,-253.16116,0.9901961,1076.4127,1461.3991,-384.98637,0.9117647,0.8,0.8875,0.7125,0.85,0.6125,0.725,0.6,0.7
52,0.4777778,0.4981233,988.1555,945.834,42.3214717,0.9416667,1.2275487,0.6875,0.28125,0.9895833,0,NA,-202.71,-238.12,NA,-202.71,-238.12,-220.415,0.3866667,0.3970144,0.8533333,1.0223457,0.7777778,0.8911225,NA,NA,842.3481,1388.6954,-546.34729,0.9803922,940.9079,1392.8866,-451.97862,0.9705882,938.7185,1132.8962,-194.17764,0.9705882,0.775,0.9,0.825,0.875,0.675,0.65,0.85,0.8875
83,0.9333333,1.2035883,1001.5874,1097.2427,-95.6553534,0.9916667,1.4416071,0.96875,0.75,0.9895833,0.09375,-474.28,-264.04,-447.87,NA,-264.04,NA,-264.04,0.6933333,0.7661045,0.7066667,0.7847759,0.7777778,0.8911225,0.8863636,1.089431,897.0936,1344.1217,-447.02812,1,812.0654,1051.1543,-239.08885,1,1292.3267,1525.8258,-233.49915,0.9705882,0.825,0.8125,0.9125,0.8625,0.7125,0.7125,0.725,0.775
76,0.8555556,1.026623,742.9878,751.2295,-8.2416865,0.9916667,1.4416071,0.6875,0.21875,0.9965278,0.03125,-471.26,-275.6,-322.72,NA,-275.6,-322.72,-299.16,0.9333333,1.2035883,0.9333333,1.2035883,0.7777778,0.8911225,0.7954545,0.9197573,728.32,964.2117,-235.89167,1,693.7751,932.2967,-238.52164,0.9803922,810.383,1159.7812,-349.3983,0.9803922,0.675,0.8375,0.85,0.875,0.5125,0.6125,0.625,0.575
127,0.8888889,1.0949141,781.8451,762.6444,19.2007251,0.9833333,1.3879676,0.84375,0.28125,0.9965278,0.03125,-394.85,-246.31,-243.01,NA,-246.31,-243.01,-244.66,0.68,0.7477626,0.76,0.8633131,0.7777778,0.8911225,0.8863636,1.089431,835.3587,1113.3653,-278.00668,1,925.1957,1103.6173,-178.42157,0.9901961,800.0177,995.0624,-195.04476,0.9803922,0.8,0.875,0.85,0.875,0.65,0.7,0.7375,0.7375
39,0.8777778,1.0712037,892.5263,912.1148,-19.5885068,0.9916667,1.4416071,0.59375,0.3125,0.9513889,0.03125,-599.27,-415.94,-398.53,NA,-415.94,-398.53,-407.235,0.7733333,0.8840821,0.9066667,1.135314,0.7777778,0.8911225,0.8181818,0.9582416,1178.3133,1403.2813,-224.96798,0.9803922,735.1284,962.3766,-227.24814,0.9607843,963.5812,1131.997,-168.41583,0.9901961,0.475,0.5625,0.7,0.9125,0.75,0.6875,0.525,0.7
118,0.8777778,1.0712037,1413.9043,1485.66,-71.7557143,0.9833333,1.3879676,0.8125,0.90625,0.8784722,0.90625,-1187.84,-231.84,113.2,NA,NA,113.2,NA,0.9466667,1.2427284,0.96,1.2870022,0.7777778,0.8911225,0.9090909,1.1410967,993.3736,1368.6719,-375.29824,0.9901961,1222.438,1316.2486,-93.81061,0.9607843,1355.1188,1758.0197,-402.90094,1,0.725,0.8625,0.9,0.8875,0.7,0.85,0.8375,0.825
199,0.5777778,0.6160034,399.108,253.1875,145.9205,0.6281847,0.7454004,0.4375,0.34375,0.6631944,0.1875,-656.55,-249.87,-114.38,-656.55,-249.87,-114.38,-340.2667,0.6933333,0.7661045,0.8266667,0.9731577,0.8055556,0.9366125,0.75,0.8480621,890.213,1256.14,-365.927,0.9509804,809.2743,1056.9646,-247.69033,0.8431373,NA,NA,NA,NA,0.5125,0.4625,0.5625,0.725,0.4625,0.675,0.6375,0.6125
113,0.8666667,1.0484815,1020.0442,1096.5578,-76.5135778,0.9583333,1.2811093,0.90625,0.9375,0.8784722,0.96875,-1048.25,-521.36,-221.26,NA,NA,NA,NA,0.6266667,0.6772684,0.8533333,1.0223457,0.8055556,0.9366125,NA,NA,1018.1045,1791.512,-773.40745,0.9313725,831.448,1229.906,-398.458,0.9117647,959.449,1254.4683,-295.01923,0.7941176,0.6625,0.6875,0.7375,0.8,0.5125,0.6625,0.75,0.825
175,0.7,0.7753975,908.781,923.0821,-14.3010708,0.6281847,0.7454004,0.5,0.4375,0.6006944,0.40625,-721.78,164.11,297.56,-721.78,164.11,297.56,NA,0.8133333,0.9498587,0.9333333,1.2035883,0.8055556,0.9366125,0.6136364,0.6606578,632.4371,921.654,-289.21686,0.8823529,576.0814,906.3143,-330.23293,0.8627451,886.255,1424.0644,-537.8094,0.8235294,0.7875,0.75,0.8125,0.6375,0.6375,0.675,0.6375,0.675
55,0.5,0.5235988,744.1169,775.0122,-30.8953061,0.95,1.2532359,0.90625,0.90625,0.9444444,0.9375,-979.78,-429.58,-254.58,NA,NA,NA,NA,0.84,0.9972832,0.8666667,1.0484815,0.8055556,0.9366125,0.875,1.0654358,1595.741,2185.0062,NA,0.4705882,1193.8991,1645.0086,-451.10943,0.872549,918.9978,1048.8924,-129.8946,0.8235294,0.475,0.4625,0.525,0.725,0.625,0.7,0.675,0.7
56,0.6444444,0.7002965,1145.4246,1219.3354,-73.9108514,0.9666667,1.3118748,0.90625,0.75,0.9444444,0.3125,-518.02,-315.78,-347.77,-518.02,-315.78,NA,-416.9,0.8533333,1.0223457,0.8933333,1.1047087,0.8055556,0.9366125,0.7159091,0.7979253,1023.8218,2130.8774,-1107.05559,0.9901961,747.8619,1238.1724,-490.31048,0.9117647,910.1135,1277.1391,-367.02558,0.8235294,NA,NA,NA,NA,0.4875,0.5625,0.475,0.4875
3,0.8777778,1.0712037,983.7972,931.003,52.7942152,0.975,1.346721,1,0.9375,0.9652778,0.96875,-953.59,-493.66,-883.63,NA,NA,NA,NA,0.5466667,0.5783782,0.6133333,0.6602741,0.8055556,0.9366125,0.8409091,0.9989609,814.3023,1134.6038,-320.3015,0.9803922,731.9619,937.1108,-205.14895,0.9705882,699.3511,801.599,-102.24785,0.8431373,0.775,0.925,0.875,0.9375,0.6375,0.6875,0.6625,0.65
31,0.9222222,1.1737889,841.7904,856.9968,-15.2063797,0.975,1.346721,0.96875,1,0.9861111,0.96875,-933.09,-1055.11,-484.09,NA,NA,NA,NA,0.8133333,0.9498587,0.8933333,1.1047087,0.8055556,0.9366125,0.9772727,1.3571897,934.8462,1390.8635,-456.01727,0.9901961,666.3,1221.5282,-555.22821,0.9313725,636.1918,912.1078,-275.91599,0.8529412,0.75,0.925,0.825,0.85,0.5625,0.775,0.7375,0.7375
37,0.8777778,1.0712037,646.9706,661.3822,-14.4115446,0.9333333,1.2035883,0.28125,0.25,0.96875,0.15625,-657.53,-346.81,-199.16,-657.53,-346.81,-199.16,-401.1667,0.6666667,0.7297277,0.88,1.0758622,0.8055556,0.9366125,0.9431818,1.2320795,955.9485,1215.4851,-259.53667,0.9509804,755.096,1096.3908,-341.29476,0.9411765,929.8349,1089.4119,-159.57701,0.872549,0.5125,0.6,0.8,0.8375,0.525,0.6375,0.65,0.7625
18,0.7777778,0.8911225,695.2563,675.0172,20.2391345,0.9416667,1.2275487,0.4375,0.21875,0.9930556,0,NA,-214.41,-166.01,NA,-214.41,-166.01,-190.21,0.76,0.8633131,0.88,1.0758622,0.8055556,0.9366125,0.9772727,1.3571897,715.4847,1204.1624,-488.67776,0.9411765,715.8187,1055.8765,-340.05782,0.9803922,754.157,1008.8833,-254.72631,0.872549,0.8625,0.8875,0.9125,0.95,0.65,0.6375,0.65,0.7125
57,0.9222222,1.1737889,1515.4002,1572.2479,-56.8476672,0.9583333,1.2811093,0.78125,0.6875,0.9375,0.1875,-540.54,-293.39,-199.67,-540.54,-293.39,-199.67,-344.5333,0.5333333,0.5625362,0.8133333,0.9498587,0.8055556,0.9366125,0.9318182,1.1993908,1047.4855,1504.8784,-457.3929,0.9705882,869.2633,1609.4035,-740.1402,0.9509804,1225.1364,1695.7158,-470.57947,0.8823529,0.6875,0.8125,0.8375,0.8625,NA,NA,NA,NA
17,0.6,0.6435011,1012.5622,1047.9364,-35.3742,0.9333333,1.2035883,0.96875,0.65625,0.9583333,0.46875,-561.03,-229.33,-500.85,-561.03,-229.33,NA,-395.18,0.7066667,0.7847759,0.88,1.0758622,0.8055556,0.9366125,0.6931818,0.7658943,843.4937,1221.3639,-377.8702,1,907.6774,1178.1394,-270.46202,0.8627451,928.3345,1243.6523,-315.31776,0.8921569,0.6875,0.825,0.775,0.7125,0.625,0.675,0.575,0.6
85,0.8444444,1.0055271,882.3676,903.9882,-21.620653,0.975,1.346721,0.71875,0.21875,0.9305556,0.03125,-434.08,-197.04,-179.63,NA,-197.04,-179.63,-188.335,0.8533333,1.0223457,0.9333333,1.2035883,0.8055556,0.9366125,0.9090909,1.1410967,686.5782,1289.284,-602.70584,0.9019608,676.5905,1007.3033,-330.71286,0.9215686,848.7249,1199.0264,-350.30151,0.8921569,0.725,0.8625,0.8,0.825,0.6875,0.775,0.7125,0.825
149,0.7,0.7753975,879.7396,923.0556,-43.3159851,0.95,1.2532359,1,1,0.9583333,0.96875,-1149.58,-1061.02,-886.02,NA,NA,NA,NA,0.68,0.7477626,0.8,0.9272952,0.8055556,0.9366125,0.8409091,0.9989609,860.1565,1276.872,-416.71545,0.9607843,658.9477,930.4733,-271.52566,0.9607843,901.0857,1220.1447,-319.05899,0.8921569,0.5625,0.5875,0.775,0.875,0.625,0.725,0.6375,0.725
165,0.7,0.7753975,1172.3506,1070.3614,101.9891484,0.9833333,1.3879676,0.96875,1,0.9826389,0.96875,-949.52,-1108.36,-469.52,NA,NA,NA,NA,0.9466667,1.2427284,0.9866667,1.407315,0.8055556,0.9366125,0.6704545,0.7348213,946.3143,1445.7202,-499.40591,0.9803922,772.4136,1342.1393,-569.72579,0.9901961,825.5359,1015.055,-189.51912,0.9019608,0.5,0.475,0.5,0.4875,0.5,0.55,0.45,0.575
128,0.9111111,1.1459719,875.1304,875.5677,-0.4373012,1,1.5707963,0.84375,0.25,0.9895833,0.03125,-441.97,-226.91,-269.89,NA,-226.91,-269.89,-248.4,0.7733333,0.8840821,0.8533333,1.0223457,0.8055556,0.9366125,0.8522727,1.0203148,912.3155,1276.4428,-364.12726,0.9901961,726.5316,1002.5172,-275.98563,0.7941176,718.085,847.825,-129.74,0.9117647,0.875,0.8875,0.8875,0.8875,0.6,0.775,0.7875,0.8375
150,0.9111111,1.1459719,641.5673,664.1557,-22.5883529,0.925,1.1810356,0.5625,0.46875,0.9131944,0.125,-550.78,-458.11,-339.43,NA,-458.11,-339.43,-398.77,0.8533333,1.0223457,0.9066667,1.135314,0.8055556,0.9366125,0.7272727,0.8143399,677.4853,942.9412,-265.45581,0.9411765,609.4697,992.2756,-382.8059,0.8627451,686.2026,867.4277,-181.2251,0.9117647,0.825,0.8875,0.7875,0.8,0.675,0.6625,0.6125,0.7
92,0.8555556,1.026623,649.8022,681.94,-32.1377551,0.9666667,1.3118748,0.03125,0.0625,0.9756944,0.03125,-670.49,-401.93,-174.49,NA,NA,NA,NA,0.76,0.8633131,0.8933333,1.1047087,0.8055556,0.9366125,0.9431818,1.2320795,788.3081,1066.7444,-278.43625,0.9607843,622.2539,834.3424,-212.08854,0.9215686,687.6353,794.365,-106.72971,0.9117647,0.75,0.8125,0.8375,0.9,0.6,0.5,0.5,0.475
106,0.4111111,0.4236726,998.0957,1038.0604,-39.9646164,1,1.5707963,0.34375,0.03125,0.9930556,0,NA,-190.95,-187.9,NA,NA,-187.9,-187.9,0.7733333,0.8840821,0.8266667,0.9731577,0.8055556,0.9366125,0.7840909,0.90123,854.0441,1092.8917,-238.84761,0.9215686,779.6323,1120.1458,-340.5135,0.8823529,1204.601,1282.0744,-77.47347,0.9313725,0.7375,0.8125,0.875,0.85,0.6,0.5875,0.65,0.675
102,0.5,0.5235988,1026.9371,976.1652,50.7718803,0.95,1.2532359,0.53125,0.0625,0.9305556,0.03125,-547.17,-248.5,-360.89,NA,NA,-360.89,NA,0.36,0.3682679,0.508218,0.4444372,0.8055556,0.9366125,1,1.5707963,925.6678,1216.5617,-290.89393,1,871.4235,1209.5255,-338.10205,0.9803922,906.1261,1182.4535,-276.32742,0.9313725,0.5375,0.5125,0.8,0.7625,0.65,0.7,0.6875,0.7125
71,0.8333333,0.9851108,1006.6575,1077.3131,-70.6556373,0.9916667,1.4416071,0.34375,0.125,0.9930556,0.03125,-539.69,-310.49,-260.16,NA,NA,-260.16,-260.16,0.6266667,0.6772684,0.7066667,0.7847759,0.8055556,0.9366125,0.8522727,1.0203148,981.4375,1497.4962,-516.05872,0.9901961,860.7469,1210.8879,-350.14104,0.9509804,1211.4821,1348.2114,-136.72934,0.9411765,0.8125,0.7125,0.7375,0.75,0.6875,0.6875,0.6375,0.7
133,0.7333333,0.823212,931.7091,930.0917,1.6174323,0.9083333,1.1392818,0.9375,0.96875,0.9965278,1,-1106.88,-545.53,-235.99,NA,NA,NA,NA,0.7066667,0.7847759,0.8533333,1.0223457,0.8055556,0.9366125,0.875,1.0654358,908.9589,1261.4197,-352.46083,0.9607843,651.6235,988.9505,-337.32695,0.9607843,746.8568,904.6974,-157.84062,0.9509804,0.575,0.5125,0.525,0.5125,0.525,0.725,0.6625,0.6
73,0.6,0.6435011,1191.2512,1215.6474,-24.3961684,0.9833333,1.3879676,0.59375,0.28125,0.8888889,0.09375,-503.98,-308.56,-290.86,NA,-308.56,-290.86,-299.71,0.7466667,0.8430368,0.8666667,1.0484815,0.8055556,0.9366125,0.9204545,1.1692419,825.3751,1220.5158,-395.14067,0.9901961,833.4511,1089.0033,-255.55219,0.9411765,792.7786,1037.6319,-244.85332,0.9705882,0.675,0.9,0.8625,0.9125,0.725,0.7875,0.7625,0.6875
89,0.9,1.1197695,918.3233,969.4247,-51.101462,0.9833333,1.3879676,0.65625,0.15625,0.9513889,0.09375,-626.45,-172.5,-271.28,NA,-172.5,-271.28,-221.89,0.7466667,0.8430368,0.8266667,0.9731577,0.8055556,0.9366125,0.6931818,0.7658943,790.2734,1143.7647,-353.49124,0.9901961,674.834,887.0462,-212.21222,0.9803922,863.4762,975.3536,-111.87746,0.9705882,0.775,0.8625,0.8,0.775,0.6125,0.7875,0.7125,0.825
98,0.7222222,0.8070098,1014.4386,1017.8816,-3.4430364,1,1.5707963,0.28125,0.125,0.90625,0.0625,-613.5,-268.59,-220.25,NA,NA,-220.25,-220.25,0.8266667,0.9731577,0.88,1.0758622,0.8055556,0.9366125,0.8409091,0.9989609,882.0628,1147.6689,-265.6061,0.9705882,721.7525,994.6757,-272.92317,0.9313725,877.4712,1024.4205,-146.94925,0.9803922,0.575,0.7125,0.9125,0.8875,0.675,0.625,0.6125,0.6
193,0.8222222,0.9653044,838.0736,817.3375,20.7360849,0.975,1.346721,0.65625,0.15625,0.9930556,0.03125,-473.3,-289.12,-259.82,NA,-289.12,-259.82,-274.47,0.7866667,0.9053911,0.8666667,1.0484815,0.8055556,0.9366125,0.875,1.0654358,931.5483,1327.2087,-395.66038,0.9705882,677.0433,902.4243,-225.38095,0.9803922,857.4972,1102.1923,-244.69509,0.9901961,0.8,0.8875,0.8875,0.8625,0.6,0.725,0.7,0.7125
104,0.8444444,1.0055271,727.5221,755.57,-28.0478846,0.9916667,1.4416071,0.34375,0.15625,0.9861111,0.03125,-503.98,-285.47,-228.93,NA,-285.47,-228.93,-257.2,0.68,0.7477626,0.7733333,0.8840821,0.8055556,0.9366125,0.7727273,0.8831267,891.2329,1157.0431,-265.81017,0.9705882,1018.0078,1206.9353,-188.92744,0.9901961,828.0771,939.9151,-111.83797,0.9901961,0.5125,0.7875,0.775,0.7875,0.7,0.675,0.65,0.75
110,0.7666667,0.8736332,834.423,843.1184,-8.6953636,0.9833333,1.3879676,0.8125,0.5,0.9965278,0.03125,-433.74,-241.73,-199.48,NA,-241.73,-199.48,-220.605,0.7866667,0.9053911,0.8666667,1.0484815,0.8333333,0.9851108,0.8409091,0.9989609,793.5836,1253.8802,-460.29669,0.9803922,682.7357,1010.8007,-328.06504,0.8627451,875.1907,1210.2424,-335.05166,0.8039216,0.6375,0.725,0.6875,0.7625,0.575,0.65,0.575,0.6125
36,0.8222222,0.9653044,942.3439,943.248,-0.9040854,0.9583333,1.2811093,0.71875,0.5625,0.9444444,0.1875,-540.07,-272.75,-190.5,-540.07,-272.75,-190.5,-334.44,0.5866667,0.6269366,0.76,0.8633131,0.8333333,0.9851108,0.9659091,1.3089323,647.0241,798.5663,-151.54219,0.9803922,534.6305,661.3271,-126.69667,0.9411765,877.6597,1134.5013,-256.84159,0.8333333,0.825,0.9,0.95,0.9125,0.6875,0.725,0.75,0.8125
30,0.7,0.7753975,1104.0563,1161.1375,-57.0812209,0.9416667,1.2275487,0.84375,0.65625,0.6875,0.3125,-617.77,-234.33,-367.03,-617.77,-234.33,-367.03,-406.3767,0.84,0.9972832,0.92,1.1680805,0.8333333,0.9851108,0.6704545,0.7348213,867.9467,1211.5863,-343.63955,0.9411765,1118.0149,1634.2024,-516.18747,0.9215686,1059.9478,1450.6744,-390.72663,0.8921569,0.6875,0.825,0.8,0.7375,0.7375,0.6875,0.6125,0.625
95,0.8222222,0.9653044,1045.9882,1060.5253,-14.5371095,0.9916667,1.4416071,0.59375,0.125,0.9826389,0.03125,-459.87,-266.46,-277.68,NA,NA,-277.68,-277.68,0.7733333,0.8840821,0.9466667,1.2427284,0.8333333,0.9851108,0.8636364,1.0424391,936.2951,1177.628,-241.33284,0.9901961,1159.4151,1285.0737,-125.6586,0.9509804,1102.1869,1576.7105,-474.52362,0.9313725,0.75,0.8125,0.7875,0.8875,0.625,0.775,0.675,0.725
22,0.8222222,0.9653044,1104.5533,1144.642,-40.0886955,0.95,1.2532359,0.4375,0.25,0.9270833,0.03125,-558.98,-406.85,-379.88,NA,-406.85,-379.88,-393.365,0.76,0.8633131,0.88,1.0758622,0.8333333,0.9851108,0.9545455,1.2681311,641.9967,845.1762,-203.17951,0.9607843,627.693,758.5019,-130.80894,0.9313725,1028.6269,1048.1097,-19.48274,0.9411765,0.6875,0.8,0.825,0.8875,0.725,0.825,0.825,0.8125
13,0.9555556,1.2715385,787.369,804.9509,-17.5819463,0.9916667,1.4416071,0.96875,0.8125,0.9097222,0.125,-400.89,-279.57,-277.25,NA,-279.57,NA,-279.57,0.72,0.8038023,0.88,1.0758622,0.8333333,0.9851108,0.9659091,1.3089323,678.3522,1026.9917,-348.63953,0.9803922,612.4923,875.0853,-262.59297,1,705.6237,823.6484,-118.0247,0.9411765,0.7625,0.825,0.8125,0.85,0.675,0.6125,0.775,0.85
10,0.7111111,0.7910773,984.9449,979.5418,5.4030987,0.9666667,1.3118748,0.6875,0.65625,0.9340278,0.125,-538.48,-288.82,-139.91,NA,-288.82,-139.91,NA,0.7466667,0.8430368,0.8666667,1.0484815,0.8333333,0.9851108,0.9090909,1.1410967,1175.3652,1658.9327,-483.56747,1,897.9991,1325.4362,-427.437,1,1115.0636,1419.5052,-304.44167,0.9509804,0.75,0.925,0.9,0.85,0.625,0.625,0.625,0.575
49,0.6333333,0.685853,912.4575,917.6347,-5.1771801,0.9916667,1.4416071,0.625,0.34375,0.8993056,0.09375,-438.7,-245.68,-179.47,NA,-245.68,-179.47,-212.575,0.7333333,0.823212,0.8533333,1.0223457,0.8333333,0.9851108,NA,NA,775.3472,1091.6111,-316.26389,0.9215686,963.54,1182.495,-218.955,0.9117647,926.2451,1205.9876,-279.74245,0.9705882,0.775,0.9,0.8125,0.775,0.6125,0.7375,0.7,0.7375
38,0.7777778,0.8911225,850.2524,838.8323,11.4201276,0.9916667,1.4416071,0.53125,0.625,0.8993056,0.46875,-572.1,-273.22,-35.47,-572.1,-273.22,-35.47,-293.5967,0.84,0.9972832,0.9333333,1.2035883,0.8333333,0.9851108,0.9431818,1.2320795,902.5768,1268.2972,-365.72039,0.9901961,900.0667,1289.5009,-389.43416,0.9803922,763.1178,964.2672,-201.1494,0.9705882,0.6625,0.8625,0.825,0.8875,NA,NA,NA,NA
124,0.5666667,0.6024546,1085.6798,1131.9758,-46.2959856,0.9666667,1.3118748,0.5625,0.25,0.78125,0.0625,-502.04,-154.32,-175.56,NA,-154.32,-175.56,-164.94,0.8266667,0.9731577,0.96,1.2870022,0.8333333,0.9851108,NA,NA,995.7352,1287.5876,-291.85238,0.9607843,793.8441,1104.34,-310.49587,1,828.7195,1050.1874,-221.4679,0.9705882,0.5125,0.5375,0.575,0.5625,0.5875,0.55,0.6375,0.6
23,0.7888889,0.9089988,836.2162,952.6555,-116.4392602,0.9,1.1197695,0.65625,0.1875,0.9722222,0.03125,-393.09,-223.26,-252.43,NA,-223.26,-252.43,-237.845,0.6533333,0.7119791,0.8,0.9272952,0.8333333,0.9851108,0.9204545,1.1692419,1008.857,1632.155,-623.29795,0.9509804,926.0936,1310.7532,-384.65967,0.9215686,698.3979,867.5755,-169.17764,0.9803922,0.85,0.925,0.9,0.9,0.7,0.65,0.7125,0.775
2,0.6,0.6435011,1003.5008,957.4162,46.0845547,0.95,1.2532359,0.84375,0.5625,0.9548611,0.09375,-472.11,-214.86,-206.16,NA,-214.86,-206.16,-210.51,0.7866667,0.9053911,0.7866667,0.9053911,0.8333333,0.9851108,0.8409091,0.9989609,848.115,1133.4188,-285.30381,0.9901961,663.7378,968.1355,-304.39768,0.9607843,740.2729,898.48,-158.20714,0.9803922,0.675,0.7,0.75,0.7875,0.55,0.5875,0.7,0.7875
6,0.9,1.1197695,1000.1625,1001.3435,-1.1810185,1,1.5707963,0.84375,0.40625,0.9826389,0.03125,-476.64,-174.59,-238.93,NA,-174.59,-238.93,-206.76,0.7333333,0.823212,0.88,1.0758622,0.8333333,0.9851108,0.7272727,0.8143399,1027.316,1363.959,-336.64305,0.9803922,762.8656,1185.0717,-422.20609,0.9705882,1012.194,1468.2464,-456.05241,0.9803922,0.7125,0.75,0.7625,0.8,0.5625,0.65,0.7,0.6875
152,0.9,1.1197695,833.1898,845.3375,-12.1477599,0.975,1.346721,0.28125,0.1875,0.9826389,0.03125,-459.47,-296.36,-178.39,NA,-296.36,-178.39,-237.375,0.7333333,0.823212,0.8666667,1.0484815,0.8333333,0.9851108,0.7840909,0.90123,740.9168,979.4024,-238.48555,1,706.474,768.9832,-62.50926,0.9705882,886.9707,1106.8709,-219.90019,0.9803922,0.775,0.85,0.9,0.8375,0.575,0.625,0.625,0.65
21,0.9444444,1.2359002,847.9556,872.0429,-24.0872321,0.9666667,1.3118748,0.25,0.09375,0.9375,0,NA,-320.42,-263.05,NA,NA,-263.05,-263.05,0.8133333,0.9498587,0.9333333,1.2035883,0.8333333,0.9851108,0.9090909,1.1410967,1011.0052,1239.7613,-228.75608,0.9607843,672.4323,848.6906,-176.25832,0.9215686,1066.0007,1235.2469,-169.24617,1,0.8625,0.9,0.925,0.9,0.675,0.7375,0.6625,0.7125
48,0.7666667,0.8736332,963.0083,921.0629,41.9454355,0.8916667,1.1010136,0.9375,0.9375,0.9270833,0.9375,-634.98,-371.98,-196.98,NA,NA,NA,NA,0.7733333,0.8840821,0.8933333,1.1047087,0.8611111,1.0374511,NA,NA,624.0751,1111.4797,-487.40464,0.9803922,562.5385,1007.1369,-444.59837,0.8529412,689.68,1057.2618,-367.58182,0.627451,0.725,0.7875,0.875,0.925,0.65,0.525,0.4375,0.575
87,0.4777778,0.4981233,658.68,809.438,-150.758,0.9166667,1.1596585,0.75,0.59375,0.9340278,0.375,-529.93,-212.71,-161.19,-529.93,-212.71,-161.19,-301.2767,0.5733333,0.6105685,0.7733333,0.8840821,0.8611111,1.0374511,0.7045455,0.7817824,956.9219,1254.3478,-297.4259,0.9607843,796.6726,1146.0014,-349.32879,0.9019608,659.009,914.6465,-255.63752,0.6764706,0.4125,0.4375,0.45,0.525,0.6125,0.6875,0.6,0.675
136,0.8222222,0.9653044,835.8041,819.0087,16.7954426,0.9083333,1.1392818,0.71875,0.5,0.75,0.46875,-569.55,-99.95,-44.32,-569.55,-99.95,-44.32,-237.94,0.7333333,0.823212,0.8666667,1.0484815,0.8611111,1.0374511,0.9090909,1.1410967,685.4308,953.8459,-268.41507,0.9215686,898.3838,1143.3638,-244.98001,0.9313725,762.8877,1096.7146,-333.82687,0.8235294,0.775,0.8625,0.8,0.7125,0.675,0.6625,0.7375,0.6625
146,0.6555556,0.7149181,1006.5773,1019.2498,-12.6725417,0.9916667,1.4416071,0.75,0.46875,0.9027778,0.0625,-474.67,-303.44,-307.49,NA,-303.44,-307.49,-305.465,0.8266667,0.9731577,0.9066667,1.135314,0.8611111,1.0374511,0.8636364,1.0424391,830.2105,1117.0268,-286.81631,0.9705882,925.9034,1089.7342,-163.83083,0.9411765,882.78,1358.1155,-475.33552,0.8627451,0.5625,0.4875,0.5375,0.4625,0.6,0.5375,0.6625,0.4875
173,0.6888889,0.7599551,937.8004,896.9538,40.8466141,0.9916667,1.4416071,0.09375,0,0.9756944,0.03125,-565.16,NA,-149.71,NA,NA,NA,NA,0.44,0.4555987,0.6133333,0.6602741,0.8611111,1.0374511,NA,NA,788.3317,1169.4976,-381.16596,0.9803922,576.951,1088.0564,-511.10538,0.9313725,733.3963,997.0111,-263.61489,0.8921569,0.4625,0.5125,0.5,0.4375,0.4375,0.4875,0.5375,0.525
80,0.7444444,0.8397024,1252.5974,1179.5975,72.9999074,0.9833333,1.3879676,0.78125,0.53125,0.9305556,0.0625,-458.3,-271.28,-269.37,NA,-271.28,-269.37,-270.325,0.8,0.9272952,0.88,1.0758622,0.8611111,1.0374511,0.9886364,1.4198975,898.0234,1239.164,-341.14059,0.9803922,718.6524,909.4376,-190.78526,0.9411765,965.0587,1125.423,-160.36426,0.9313725,NA,NA,NA,NA,0.575,0.725,0.7875,0.8
129,0.7333333,0.823212,916.2231,934.3807,-18.1575556,1,1.5707963,0.90625,0.5,0.9479167,0.15625,-488.65,-210.5,-293.8,-488.65,-210.5,NA,-349.575,0.6666667,0.7297277,0.8,0.9272952,0.8611111,1.0374511,0.7954545,0.9197573,790.514,1492.0126,-701.49862,0.9803922,872.9909,1187.5471,-314.55618,1,913.266,1268.5912,-355.3253,0.9313725,0.6,0.85,0.725,0.7875,0.7,0.7625,0.75,0.6875
66,0.9,1.1197695,924.0938,881.7177,42.3761214,0.9833333,1.3879676,0.4375,0.15625,0.9756944,0.0625,-504.83,-291.98,-247.12,NA,-291.98,-247.12,-269.55,0.6133333,0.6602741,0.76,0.8633131,0.8611111,1.0374511,0.8522727,1.0203148,833.8905,1130.0339,-296.14347,0.9705882,643.5032,899.3158,-255.81265,0.9803922,846.7639,1090.0751,-243.31124,0.9607843,0.9,0.9625,0.875,0.9625,0.7125,0.7125,0.725,0.7375
9,0.7555556,0.8565018,826.1448,862.0269,-35.8820801,0.9083333,1.1392818,0.375,0.09375,0.8715278,0.0625,-539.23,-263.85,-272.35,NA,NA,-272.35,-272.35,0.8,0.9272952,0.8666667,1.0484815,0.8611111,1.0374511,0.9090909,1.1410967,1124.2486,1396.8714,-272.62282,0.9117647,828.3869,1417.7473,-589.36041,0.9509804,993.4824,1196.5145,-203.03208,0.9803922,0.725,0.7875,0.7125,0.825,0.675,0.7625,0.8875,0.875
171,0.7888889,0.9089988,866.1402,931.7991,-65.6588566,0.9666667,1.3118748,0.96875,0.96875,0.96875,0.9375,-929.16,-780.27,-605.27,NA,NA,NA,NA,0.76,0.8633131,0.8,0.9272952,0.8611111,1.0374511,0.8295455,0.9782932,877.3126,1062.2956,-184.98302,0.9607843,616.557,730.3853,-113.82822,0.9901961,724.9889,911.0844,-186.0955,0.9901961,0.8375,0.775,0.875,0.8,0.7125,0.75,0.7375,0.7125
78,0.9666667,1.3118748,845.1329,880.6105,-35.4775851,0.9833333,1.3879676,0.4375,0.0625,0.9930556,0,NA,-242.67,-210.01,NA,NA,-210.01,-210.01,0.4666667,0.4855181,0.5866667,0.6269366,0.8611111,1.0374511,0.9772727,1.3571897,888.8765,979.3926,-90.51605,1,873.7345,936.7741,-63.03951,0.9901961,903.0733,981.0298,-77.95652,1,0.725,0.8875,0.8625,0.9125,NA,NA,NA,NA
141,0.8777778,1.0712037,698.9354,727.5996,-28.6642429,1,1.5707963,0.6875,0.4375,0.9930556,0.03125,-448.3,-225.02,-199.07,NA,-225.02,-199.07,-212.045,0.7333333,0.823212,0.7866667,0.9053911,0.8888889,1.0949141,0.9545455,1.2681311,770.8583,999.1837,-228.3254,0.9803922,608.5989,751.2744,-142.67547,0.9901961,722.8561,862.3706,-139.51452,0.8235294,0.575,0.8125,0.8875,0.8375,0.625,0.65,0.575,0.6375
174,0.7333333,0.823212,750.6117,748.3077,2.3040314,0.9833333,1.3879676,0.90625,0.90625,0.9583333,0.1875,-461.34,-383.16,-208.16,-461.34,NA,NA,-461.34,0.7066667,0.7847759,0.8,0.9272952,0.8888889,1.0949141,0.9431818,1.2320795,868.4842,1249.6553,-381.1711,0.9019608,774.2731,1362.1968,-587.92362,0.9019608,737.3187,1075.2923,-337.9736,0.9313725,0.725,0.8375,0.8875,0.825,0.65,0.625,0.625,0.6625
14,0.9444444,1.2359002,911.4352,905.0747,6.3605448,0.925,1.1810356,0.5625,0.0625,0.9861111,0.03125,-579.44,-289.24,-283.78,NA,NA,-283.78,-283.78,0.8133333,0.9498587,0.9066667,1.135314,0.8888889,1.0949141,NA,NA,716.3787,799.94,-83.56132,0.9313725,1108.2082,1188.0743,-79.86612,0.8431373,874.0258,980.4075,-106.38169,0.9411765,0.7625,0.925,0.85,0.875,0.5,0.5375,0.525,0.5625
140,0.7444444,0.8397024,996.673,1096.1933,-99.5203333,0.9416667,1.2275487,0.96875,0.5625,0.9930556,0.125,-450.72,-257.46,-265.6,NA,-257.46,NA,-257.46,0.5733333,0.6105685,0.7333333,0.823212,0.8888889,1.0949141,0.875,1.0654358,832.3503,1216.7355,-384.38518,0.9019608,660.6047,906.2211,-245.61632,0.9313725,844.5218,998.338,-153.81621,0.9411765,0.75,0.925,0.8625,0.85,0.675,0.675,0.725,0.675
188,0.8,0.9272952,755.0898,730.2817,24.8080872,0.9833333,1.3879676,0.4375,0.1875,0.9409722,0.09375,-451.34,-201.12,-160.14,NA,-201.12,-160.14,NA,0.92,1.1680805,0.9733333,1.3393399,0.8888889,1.0949141,0.9204545,1.1692419,887.2722,923.4878,-36.21558,0.9705882,930.507,1005.1874,-74.68047,0.9803922,845.3395,993.8802,-148.5407,0.9509804,0.825,0.925,0.8625,0.875,0.6,0.6625,0.6125,0.6875
69,0.6444444,0.7002965,820.3008,834.9279,-14.6271024,0.95,1.2532359,0.96875,0.53125,1,0.125,-440.35,-265.88,-495.17,NA,-265.88,NA,-265.88,0.6666667,0.7297277,0.68,0.7477626,0.8888889,1.0949141,0.9659091,1.3089323,653.3214,1115.423,-462.10163,0.9607843,658.2084,1059.3423,-401.13389,0.8823529,662.2493,768.8553,-106.60596,0.9803922,0.825,0.825,0.9375,0.825,0.6625,0.6375,0.675,0.6125
143,0.8333333,0.9851108,885.4327,881.1091,4.3236014,0.9833333,1.3879676,0.5,0.125,0.9965278,0,NA,-279.61,-263.37,NA,NA,-263.37,-263.37,0.8133333,0.9498587,0.8533333,1.0223457,0.8888889,1.0949141,0.9659091,1.3089323,826.0211,1061.85,-235.82891,1,672.3267,949.1421,-276.81538,0.9607843,791.3721,1057.9771,-266.60505,0.9803922,0.575,0.8625,0.825,0.8625,0.6125,0.6875,0.65,0.825
142,0.9333333,1.2035883,673.8317,681.5647,-7.7330387,0.9833333,1.3879676,0.4375,0.09375,0.9444444,0.03125,-528.23,-334.56,-264.67,NA,NA,-264.67,-264.67,0.8,0.9272952,0.9333333,1.2035883,0.8888889,1.0949141,0.9318182,1.1993908,592.3016,743.8664,-151.5648,0.9901961,497.82,634.3317,-136.51167,0.9901961,634.4357,701.9538,-67.51813,0.9803922,0.8375,0.8375,0.8625,0.8375,0.7875,0.8375,0.85,0.9375
1,0.5111111,0.536477,994.8984,1061.5865,-66.6880992,0.95,1.2532359,0.6875,0.75,0.8923611,0.21875,-526.63,-286.09,-48.75,-526.63,-286.09,-48.75,-287.1567,0.3866667,0.3970144,0.508218,0.4705015,0.9166667,1.1596585,0.6477273,0.7045976,NA,NA,NA,NA,628.2642,1059.1271,-430.86296,0.9019608,892.1303,1251.4872,-359.35691,0.8039216,0.4875,0.475,0.5625,0.4125,0.575,0.7,0.725,0.6
163,0.9444444,1.2359002,907.2147,875.2739,31.9407843,0.9166667,1.1596585,0.46875,0.09375,0.9826389,0,NA,-280.31,-243.41,NA,NA,-243.41,-243.41,0.8533333,1.0223457,0.96,1.2870022,0.9166667,1.1596585,0.9659091,1.3089323,723.5443,1097.103,-373.55871,0.9607843,516.1027,764.7709,-248.66816,0.9313725,711.9342,814.6004,-102.6662,0.8627451,0.5925926,0.8,0.8625,0.85,0.8625,0.9,0.8625,0.9375
186,0.6,0.6435011,995.1396,1008.1854,-13.0458013,0.9333333,1.2035883,0.875,0.78125,0.9340278,0.1875,-542.15,-193.42,-136.84,-542.15,-193.42,NA,-367.785,0.7866667,0.9053911,0.8933333,1.1047087,0.9166667,1.1596585,0.8295455,0.9782932,844.9197,1451.5487,-606.629,0.9313725,848.1231,1505.073,-656.94983,0.8921569,1126.6839,1297.6888,-171.00491,0.8921569,0.6125,0.9,0.825,0.85,0.6,0.5875,0.625,0.5875
114,0.7,0.7753975,656.5084,698.3373,-41.8288283,0.9166667,1.1596585,0.65625,0.78125,0.9131944,0.34375,-511.98,-502.62,-154.54,-511.98,-502.62,-154.54,-389.7133,0.56,0.5943858,0.88,1.0758622,0.9166667,1.1596585,0.9204545,1.1692419,724.3612,1072.2442,-347.88305,0.9411765,581.5318,691.7789,-110.24702,0.9215686,599.9392,771.0559,-171.11669,0.9019608,0.85,0.85,0.8375,0.8875,0.4875,0.55,0.4625,0.475
24,0.7888889,0.9089988,930.5358,877.8253,52.7105146,0.95,1.2532359,0.53125,0.15625,0.875,0.09375,-533.94,-276.71,-252.46,NA,-276.71,-252.46,-264.585,0.68,0.7477626,0.84,0.9972832,0.9166667,1.1596585,0.7272727,0.8143399,818.9673,1119.5609,-300.59352,0.9901961,795.4635,932.7305,-137.26701,0.9705882,789.4541,1150.6765,-361.22242,0.9019608,0.4,0.725,0.775,0.8625,0.625,0.6875,0.75,0.7
32,0.8777778,1.0712037,750.9895,753.3812,-2.3916896,0.9333333,1.2035883,0.5,0.3125,0.9131944,0.03125,-447.94,-248.72,-201.27,NA,-248.72,-201.27,-224.995,0.8,0.9272952,0.88,1.0758622,0.9166667,1.1596585,0.9886364,1.4198975,802.4922,1045.1356,-242.64342,0.9803922,623.5119,894.8437,-271.33182,0.9607843,860.4891,1037.873,-177.38386,0.9215686,0.75,0.8375,0.85,0.8375,0.65,0.6625,0.6875,0.775
121,0.6888889,0.7599551,773.9035,748.4581,25.4453651,0.9083333,1.1392818,0.21875,0.0625,0.9930556,0.0625,-678.1,-343.1,-278.53,NA,NA,-278.53,-278.53,0.8666667,1.0484815,0.92,1.1680805,0.9166667,1.1596585,0.9090909,1.1410967,995.2962,1464.2842,-468.988,0.9901961,673.8918,946.3409,-272.44908,1,808.0959,889.399,-81.30302,0.9215686,0.4875,0.5625,0.9,0.8625,0.575,0.65,0.6375,0.5875
47,0.8888889,1.0949141,839.0992,851.5178,-12.4186182,0.95,1.2532359,0.40625,0.15625,0.9583333,0.03125,-444.41,-236.24,-233.53,NA,-236.24,-233.53,-234.885,0.92,1.1680805,0.92,1.1680805,0.9166667,1.1596585,NA,NA,739.3646,1038.6729,-299.30836,0.9901961,593.715,878.432,-284.71695,0.9705882,823.6833,1038.9356,-215.25225,0.9411765,0.5375,0.925,0.8625,0.8875,0.6625,0.6375,0.7,0.725
200,0.9333333,1.2035883,1011.946,1002.713,9.233006,1,1.5707963,0.40625,0.1875,0.9375,0.09375,-678.96,-334.29,-324.84,NA,-334.29,-324.84,-329.565,0.7066667,0.7847759,0.8533333,1.0223457,0.9166667,1.1596585,0.8977273,1.1145833,941.0102,1177.7724,-236.76214,0.9803922,893.2617,911.4897,-18.228,1,878.2527,978.1697,-99.91692,0.9509804,0.775,0.9,0.8375,0.8,0.65,0.65,0.65,0.7125
97,0.8888889,1.0949141,625.5092,664.6487,-39.1395606,0.9583333,1.2811093,0.84375,0.09375,1,0.09375,-436.68,-168.68,-250.53,NA,NA,-250.53,-250.53,0.76,0.8633131,0.92,1.1680805,0.9166667,1.1596585,0.9772727,1.3571897,663.6855,926.2256,-262.5401,0.9803922,623.1756,885.3015,-262.12592,0.9411765,698.457,830.0114,-131.55443,0.9607843,0.7625,0.8125,0.7875,0.7125,0.7,0.65,0.7125,0.625
63,0.7666667,0.8736332,949.7267,969.9612,-20.2345614,1,1.5707963,0.25,0,0.9895833,0,NA,NA,-250.7,NA,NA,-250.7,-250.7,0.68,0.7477626,0.88,1.0758622,0.9166667,1.1596585,0.6136364,0.6606578,954.2184,1256.0684,-301.85,1,892.5005,1154.82,-262.31955,0.9803922,988.3159,1106.2534,-117.93757,0.9607843,0.5,0.775,0.8375,0.9,0.6875,0.7,0.6875,0.7375
33,0.7777778,0.8911225,1229.9478,1201.5288,28.4190261,0.975,1.346721,0.5,0.34375,0.9375,0.03125,-474.74,-310.69,-240.84,NA,-310.69,-240.84,-275.765,0.8,0.9272952,0.96,1.2870022,0.9166667,1.1596585,0.7954545,0.9197573,1026.6405,1464.2028,-437.56228,0.9411765,760.4132,1085.623,-325.20987,0.9411765,886.1809,1169.3197,-283.13883,0.9803922,0.8,0.8375,0.7875,0.7625,0.675,0.6875,0.6875,0.7625
147,0.7,0.7753975,992.1792,1036.0375,-43.8582238,0.9833333,1.3879676,0.6875,0.3125,0.9965278,0.09375,-484.1,-252.53,-239.03,NA,-252.53,-239.03,-245.78,0.7466667,0.8430368,0.8666667,1.0484815,0.9166667,1.1596585,NA,NA,1150.6891,1560.7202,-410.03112,0.9901961,882.7864,1275.7732,-392.98681,0.9607843,821.8372,933.7406,-111.90338,0.9803922,0.575,0.75,0.825,0.8625,0.6375,0.7,0.75,0.7
5,0.8777778,1.0712037,1044.3567,1071.0004,-26.6436905,0.9416667,1.2275487,0.8125,0.84375,0.8680556,0.90625,-1116.66,-429.21,-216.82,NA,-429.21,-216.82,-323.015,0.7866667,0.9053911,0.84,0.9972832,0.9166667,1.1596585,0.625,0.6751315,903.6454,1147.6114,-243.96595,0.9901961,809.4648,1102.79,-293.32523,0.9803922,949.9236,1213.3636,-263.44002,0.9803922,0.775,0.9,0.875,0.9125,0.5875,0.6,0.7375,0.7375
60,0.9333333,1.2035883,1041.5161,1080.4105,-38.8944054,0.9833333,1.3879676,0.15625,0,0.9861111,0.03125,-544.72,NA,-246.62,NA,NA,-246.62,-246.62,0.7066667,0.7847759,0.88,1.0758622,0.9166667,1.1596585,0.9545455,1.2681311,751.1659,856.1972,-105.03135,0.9901961,706.7451,811.6403,-104.89517,1,876.957,1049.0416,-172.08451,0.9803922,0.825,0.85,0.9125,0.925,0.7875,0.725,0.8,0.7875
96,0.8333333,0.9851108,881.1843,906.7948,-25.610494,0.9916667,1.4416071,0.46875,0.0625,0.9583333,0.03125,-393.17,-204.88,-183.87,NA,NA,-183.87,-183.87,0.9333333,1.2035883,0.9466667,1.2427284,0.9166667,1.1596585,0.9431818,1.2320795,770.3879,1721.97,-951.58213,0.9803922,728.0739,1143.1953,-415.12141,0.9509804,845.1389,1304.6952,-459.55628,0.9901961,0.75,0.875,0.8625,0.9,0.5875,0.725,0.7,0.725
183,0.9111111,1.1459719,637.1518,690.3439,-53.1920596,0.9666667,1.3118748,0.9375,0.375,0.9861111,0,NA,-180.25,-206.11,NA,-180.25,NA,-180.25,0.92,1.1680805,0.9866667,1.407315,0.9166667,1.1596585,0.9886364,1.4198975,579.966,861.2615,-281.29554,0.9901961,510.7191,723.9074,-213.18823,0.9901961,593.7348,717.6971,-123.96236,1,0.6125,0.875,0.9,0.8625,0.7125,0.5125,0.675,0.625
64,NA,NA,714.8447,708.0898,6.7549134,0.9166667,1.1596585,0.625,0.28125,0.8506944,0.125,-531.28,-215.33,-231.15,NA,-215.33,-231.15,-223.24,0.88,1.0758622,0.9333333,1.2035883,0.9444444,1.2359002,0.8295455,0.9782932,620.737,809.5984,-188.86139,0.9117647,628.0732,926.0433,-297.97018,0.9215686,978.2824,1283.7971,-305.51468,0.8431373,0.775,0.9,0.8625,0.9,0.7125,0.775,0.85,0.925
155,0.7555556,0.8565018,804.4831,822.7526,-18.2694612,0.95,1.2532359,0.90625,0.625,0.9791667,0.09375,-407.33,-221.27,-319.78,NA,-221.27,NA,-221.27,0.6666667,0.7297277,0.84,0.9972832,0.9444444,1.2359002,0.7954545,0.9197573,883.8654,1248.1835,-364.31813,0.9411765,710.5556,858.1631,-147.60753,0.9509804,778.3444,816.9123,-38.5679,0.9313725,0.475,0.85,0.85,0.825,0.7125,0.725,0.6625,0.675
178,0.7888889,0.9089988,830.5155,818.797,11.7184175,0.9416667,1.2275487,0.8125,0.71875,0.9548611,0.21875,-492.49,-325.09,-207.61,-492.49,-325.09,-207.61,-341.73,0.6933333,0.7661045,0.8666667,1.0484815,0.9444444,1.2359002,0.9318182,1.1993908,819.9284,1338.074,-518.14556,0.9803922,713.457,1003.1608,-289.70379,0.9705882,741.0924,1020.2687,-279.17631,0.9313725,0.55,0.925,0.95,0.925,0.775,0.6625,0.675,0.7875
50,0.9555556,1.2715385,882.8402,944.7191,-61.8788679,0.975,1.346721,0.3125,0.0625,0.9791667,0,NA,-225.05,-174.44,NA,NA,-174.44,-174.44,0.8533333,1.0223457,0.9333333,1.2035883,0.9444444,1.2359002,NA,NA,798.3609,1051.8111,-253.45019,0.9803922,603.0052,898.911,-295.90573,0.9705882,816.6338,921.4615,-104.82773,0.9313725,0.75,0.8875,0.8375,0.875,0.5125,0.5875,0.7125,0.6625
180,0.8333333,0.9851108,884.3704,913.5198,-29.1494368,0.9833333,1.3879676,0.8125,0.34375,0.96875,0,NA,-186.64,-214.12,NA,-186.64,-214.12,-200.38,0.84,0.9972832,0.9333333,1.2035883,0.9444444,1.2359002,0.9545455,1.2681311,933.5995,1234.8588,-301.25929,1,731.2858,1066.246,-334.96019,0.9705882,778.027,900.4731,-122.44617,0.9509804,0.8,0.7625,0.7875,0.775,0.6625,0.7375,0.7375,0.8125
75,0.5222222,0.5494546,932.3382,958.6421,-26.3039122,0.925,1.1810356,0.90625,0.5,0.9756944,0.0625,-494.76,-198.93,-374.35,NA,-198.93,NA,-198.93,0.72,0.8038023,0.8266667,0.9731577,0.9444444,1.2359002,0.6363636,0.689775,967.5622,1275.4833,-307.92108,0.9705882,749.0495,988.0194,-238.9699,0.9705882,1264.7454,1692.0927,-427.34734,0.9803922,0.5125,0.575,0.8875,0.825,0.625,0.6875,0.675,0.75
109,0.7555556,0.8565018,719.9755,715.799,4.1764886,0.9833333,1.3879676,0.78125,0.1875,1,0,NA,-200.92,-234.2,NA,-200.92,-234.2,-217.56,0.8,0.9272952,0.8666667,1.0484815,0.9444444,1.2359002,0.8522727,1.0203148,707.8807,913.2172,-205.33654,0.9803922,852.4832,1032.6443,-180.16109,0.9901961,798.9624,1064.564,-265.60161,1,0.7625,0.775,0.8,0.775,0.6375,0.6875,0.6625,0.575
160,0.6222222,0.6715782,760.2548,748.2304,12.0244053,0.8833333,1.0829264,0.84375,0.25,0.9861111,0.15625,-460.77,-214.37,-282.6,-460.77,-214.37,-282.6,-319.2467,0.64,0.6944983,0.7866667,0.9053911,0.9722222,1.334545,0.7840909,0.90123,688.9243,988.4225,-299.49821,0.8333333,622.0805,1188.3756,-566.29512,0.9607843,806.4939,1159.9405,-353.4466,0.9509804,0.5,0.4875,0.5,0.5,0.5625,0.5375,0.6125,0.4875
195,0.7444444,0.8397024,909.8934,949.8358,-39.9424038,0.9916667,1.4416071,0.375,0.15625,0.9965278,0.0625,-483.87,-255.77,-173.43,NA,-255.77,-173.43,-214.6,0.96,1.2870022,0.96,1.2870022,0.9722222,1.334545,0.9204545,1.1692419,898.9893,1275.1886,-376.1993,0.9705882,610.8816,928.1292,-317.24769,0.9705882,893.7015,1162.4691,-268.76762,0.9901961,0.6375,0.8125,0.7375,0.8375,0.65,0.725,0.8625,0.825
169,NA,NA,887.8573,950.4718,-62.6145034,0.8833333,1.0829264,0.875,0.90625,0.9236111,0.84375,-637.98,-269.71,-58.98,-637.98,NA,NA,-637.98,0.6666667,0.7297277,0.7866667,0.9053911,NA,NA,NA,NA,926.3644,1054.1118,-127.74737,0.9215686,1355.775,1465.0293,-109.25425,0.9411765,1220.464,1161.6837,58.78025,0.627451,0.5,0.4875,0.45,0.45,0.4625,0.525,0.625,0.6125
84,0.4888889,0.5108156,1284.6571,1195.7796,88.8774537,0.9583333,1.2811093,0.65625,0.4375,0.8888889,0.0625,-565.7,-264.98,-182.45,NA,-264.98,-182.45,-223.715,0.68,0.7477626,0.7866667,0.9053911,NA,NA,0.8522727,1.0203148,911.2793,1300.7042,-389.42496,0.9411765,911.1118,1218.0656,-306.95381,0.9509804,1274.8157,1242.47,32.34565,0.6666667,0.475,0.7875,0.8,0.8375,0.6125,0.5,0.5,0.5125
51,0.6333333,0.685853,842.5606,844.7876,-2.2270221,0.95,1.2532359,0.96875,0.90625,0.9340278,1,-1442.97,-657.92,-702.76,NA,NA,NA,NA,0.72,0.8038023,0.88,1.0758622,NA,NA,0.7045455,0.7817824,1019.6371,1327.3167,-307.67959,0.9509804,981.6976,1259.5144,-277.81682,0.8333333,1412.7676,1834.4396,-421.67197,0.7352941,0.675,0.75,0.7875,0.775,0.7125,0.675,0.6875,0.6875
168,0.6666667,0.7297277,1097.378,1073.2291,24.1488402,0.9916667,1.4416071,0.5625,0.3125,0.7951389,0.03125,-491.65,-190.1,-180.23,NA,-190.1,-180.23,-185.165,0.6933333,0.7661045,0.8,0.9272952,NA,NA,0.6363636,0.689775,987.6096,1756.8341,-769.22454,0.9901961,1448.1919,1851.7616,-403.56972,0.9803922,1324.9757,1757.8045,-432.82888,0.7941176,0.475,0.65,0.6,0.4875,0.5625,0.575,0.6125,0.5875
7,NA,NA,952.7285,962.8662,-10.1376488,0.8583333,1.0320125,0.90625,0.71875,0.8993056,0.375,-586.34,-300.38,-364.17,-586.34,-300.38,NA,-443.36,0.6133333,0.6602741,0.7866667,0.9053911,NA,NA,0.6704545,0.7348213,1060.2085,1454.1422,-393.93363,0.9509804,1032.6133,1378.7884,-346.17505,0.9117647,852.989,1273.6811,-420.69211,0.8431373,0.7,0.7875,0.8,0.7875,0.5875,0.5125,0.5,0.6125
190,NA,NA,1164.6854,1252.7061,-88.0206816,0.8166667,0.9556113,0.46875,0.5625,0.5798611,0.625,-843.1,199.1,454.13,-843.1,199.1,454.13,NA,0.8933333,1.1047087,0.92,1.1680805,NA,NA,NA,NA,1261.139,1710.9116,-449.77263,0.7745098,1704.6284,1887.4563,-182.82795,0.9313725,1388.5654,1842.6537,-454.0883,0.8529412,0.425,0.5,0.5125,0.5125,0.625,0.7375,0.875,0.8625
101,0.4444444,0.460554,1239.7483,1249.0566,-9.3083308,0.95,1.2532359,1,1,0.9756944,1,-1354.76,-745.76,-570.76,NA,NA,NA,NA,0.4,0.4115168,0.508218,0.4705015,NA,NA,0.8295455,0.9782932,1503.5225,1957.5086,-453.98607,0.5294118,1856.4271,1873.4931,-17.06607,0.9313725,1334.5243,1762.9571,-428.43286,0.8823529,0.6875,0.725,0.825,0.8125,0.5625,0.625,0.65,0.6125
58,NA,NA,1057.7188,1074.386,-16.6672142,0.9583333,1.2811093,0.59375,0.09375,0.9513889,0.03125,-483.14,-214.52,-201.01,NA,NA,-201.01,-201.01,NA,NA,NA,NA,NA,NA,0.7045455,0.7817824,NA,NA,NA,NA,NA,NA,NA,NA,1043.1343,1210.25,-167.11575,0.9509804,NA,NA,NA,NA,0.5,0.575,0.8125,0.725
100,0.8444444,1.0055271,712.6194,719.1585,-6.5391185,0.9666667,1.3118748,1,1,0.9965278,1,-665.97,-438.97,-263.97,NA,NA,NA,NA,0.5466667,0.5783782,0.7066667,0.7847759,NA,NA,0.9318182,1.1993908,649.5014,860.1427,-210.64132,0.9705882,668.6932,791.9874,-123.29413,0.9705882,778.4588,961.6613,-183.20247,0.9607843,0.775,0.875,0.85,0.825,0.6125,0.6875,0.725,0.7375